[dotenv@17.3.1] injecting env (22) from .env -- tip: ⚙️  suppress all logs with { quiet: true }
[dotenv@17.3.1] injecting env (0) from .env -- tip: 🛡️ auth for agents: https://vestauth.com
[Server] Running on http://0.0.0.0:5001 (accessible on LAN)
[AUTH_DB] SQL Server pool connected to henny_master
[POST] /api/login
Request body: {
  "username": "NC_User",
  "password": "[REDACTED]"
}
[POST] /api/login
Request body: {
  "username": "NC_User",
  "password": "[REDACTED]"
}
[POST] /api/select-company
Request body: {
  "userId": 5,
  "companyId": 4
}
[POST] /api/admin-login
Request body: {
  "username": "NC_User",
  "password": "[REDACTED]"
}
[POST] /api/admin-login
Request body: {
  "username": "NC_User",
  "password": "[REDACTED]"
}
[POST] /api/admin-login
Request body: {
  "username": "manager",
  "password": "[REDACTED]"
}
[POST] /api/admin-panel/user-companies
Request body: {
  "UserId": "5",
  "CompanyId": "3",
  "IsDefault": ""
}
[POST] /api/login
Request body: {
  "username": "NC_User",
  "password": "[REDACTED]"
}
[POST] /api/select-company
Request body: {
  "userId": 5,
  "companyId": 3
}
[POST] /api/login
Request body: {
  "username": "NC_User",
  "password": "[REDACTED]"
}
[POST] /api/select-company
Request body: {
  "userId": 5,
  "companyId": 3
}
[POST] /api/admin-panel/roles
Request body: {
  "RoleName": "Sales & Delivery User"
}
[POST] /api/admin-panel/user-roles
Request body: {
  "UserId": "3",
  "RoleId": "3",
  "CompanyId": "3"
}
[POST] /api/admin-panel/role-rights
Request body: {
  "RoleId": "3",
  "MenuId": [
    "73",
    "72"
  ],
  "CanView": "true",
  "CanAdd": "true",
  "CanEdit": "true"
}
[POST] /api/admin-panel/users
Request body: {
  "Username": "HETAL",
  "PasswordHash": "[REDACTED]",
  "FullName": "HETAL",
  "Email": "",
  "IsActive": "true",
  "CreatedAt": ""
}
[POST] /api/admin-panel/user-roles
Request body: {
  "UserId": "6",
  "RoleId": "3",
  "CompanyId": "3"
}
[POST] /api/login
Request body: {
  "username": "HETAL",
  "password": "[REDACTED]"
}
[POST] /api/login
Request body: {
  "username": "HETAL",
  "password": "[REDACTED]"
}
[POST] /api/admin-panel/user-companies
Request body: {
  "UserId": "6",
  "CompanyId": "3",
  "IsDefault": ""
}
[POST] /api/login
Request body: {
  "username": "HETAL",
  "password": "[REDACTED]"
}
[POST] /api/select-company
Request body: {
  "userId": 6,
  "companyId": 3
}
[DB] SQL Server pool connected to DESKTOP-ICFN0OJ/SQLEXPRESS01/DC_LiveDB
[PUT] /api/form-settings/sapb1.dcSalesOrder.formSettings.v2
Request body: {
  "settings": {
    "headerUdfs": {
      "U_CUSTNAM": {
        "visible": true,
        "active": true
      },
      "U_Freight": {
        "visible": true,
        "active": true
      },
      "U_TRNS": {
        "visible": true,
        "active": true
      },
      "U_DSTN": {
        "visible": true,
        "active": true
      },
      "U_DSTNADD": {
        "visible": true,
        "active": true
      },
      "U_FDSTN": {
        "visible": true,
        "active": true
      },
      "U_FDSTADD": {
        "visible": true,
        "active": true
      },
      "U_DOCTHR": {
        "visible": true,
        "active": true
      },
      "U_QRY": {
        "visible": true,
        "active": true
      },
      "U_RSLN": {
        "visible": true,
        "active": true
      },
      "U_QRYST": {
        "visible": true,
        "active": true
      },
      "U_LRNO": {
        "visible": true,
        "active": true
      },
      "U_LRDT": {
        "visible": true,
        "active": true
      },
      "U_VEHNO": {
        "visible": true,
        "active": true
      },
      "U_SCharge": {
        "visible": true,
        "active": true
      },
      "U_UOM": {
        "visible": true,
        "active": true
      },
      "U_Price": {
        "visible": true,
        "active": true
      },
      "U_SAmount": {
        "visible": true,
        "active": true
      },
      "U_TOS": {
        "visible": true,
        "active": true
      },
      "U_FromDate": {
        "visible": true,
        "active": true
      },
      "U_ToDate": {
        "visible": true,
        "active": true
      },
      "U_SalesValue": {
        "visible": true,
        "active": true
      },
      "U_VendorCode": {
        "visible": true,
        "active": true
      },
      "U_Bill_Party_Code": {
        "visible": true,
        "active": true
      },
      "U_Bill_PartyName": {
        "visible": true,
        "active": true
      },
      "U_Terms_of_Supply": {
        "visible": true,
        "active": true
      },
      "U_Payment": {
        "visible": true,
        "active": true
      },
      "U_Party_Address_Id": {
        "visible": true,
        "active": true
      },
      "U_Bill_Party_Address": {
        "visible": true,
        "active": true
      },
      "U_Party_Code": {
        "visible": true,
        "active": true
      },
      "U_Party_Name": {
        "visible": true,
        "active": true
      },
      "U_Address_ID_Party": {
        "visible": true,
        "active": true
      },
      "U_party_Address": {
        "visible": true,
        "active": true
      },
      "U_Invoice_No": {
        "visible": true,
        "active": true
      },
      "U_Invoice_Date": {
        "visible": true,
        "active": true
      },
      "U_Due_Date": {
        "visible": true,
        "active": true
      },
      "U_Amount": {
        "visible": true,
        "active": true
      },
      "U_Disp_Sch": {
        "visible": true,
        "active": true
      },
      "U_Contact_Id": {
        "visible": true,
        "active": true
      },
      "U_OL_IN": {
        "visible": true,
        "active": true
      },
      "U_Receipt_Amt": {
        "visible": true,
        "active": true
      },
      "U_B_FromDate": {
        "visible": true,
        "active": true
      },
      "U_B_ToDate": {
        "visible": true,
        "active": true
      },
      "U_Seller_Code": {
        "visible": true,
        "active": true
      },
      "U_Seller_Name": {
        "visible": true,
        "active": true
      },
      "U_Seller_AddressId": {
        "visible": true,
        "active": true
      },
      "U_Seller_Address": {
        "visible": true,
        "active": true
      },
      "U_Old_Soda_Nodh_No": {
        "visible": true,
        "active": true
      },
      "U_Old_Soda_Nodh_Date": {
        "visible": true,
        "active": true
      },
      "U_Canceled": {
        "visible": true,
        "active": true
      },
      "U_TrfId": {
        "visible": true,
        "active": true
      },
      "U_TrfName": {
        "visible": true,
        "active": true
      },
      "U_TrfVehi": {
        "visible": true,
        "active": true
      },
      "U_TrfDist": {
        "visible": true,
        "active": true
      },
      "U_TrfMode": {
        "visible": true,
        "active": true
      },
      "U_TrfVType": {
        "visible": true,
        "active": true
      },
      "U_AckNo": {
        "visible": true,
        "active": true
      },
      "U_AckDt": {
        "visible": true,
        "active": true
      },
      "U_CanDt": {
        "visible": true,
        "active": true
      },
      "U_QrCode": {
        "visible": true,
        "active": true
      },
      "U_SigInv": {
        "visible": true,
        "active": true
      },
      "U_EwbDt": {
        "visible": true,
        "active": true
      },
      "U_EwbVliDt": {
        "visible": true,
        "active": true
      },
      "U_EWayBCan": {
        "visible": true,
        "active": true
      },
      "U_TrfCode": {
        "visible": true,
        "active": true
      },
      "U_MultiVeh": {
        "visible": true,
        "active": true
      },
      "U_MultiVehPosted": {
        "visible": true,
        "active": true
      },
      "U_SubSuply": {
        "visible": true,
        "active": true
      },
      "U_DocType": {
        "visible": true,
        "active": true
      },
      "U_TraType": {
        "visible": true,
        "active": true
      },
      "U_DelRemarks": {
        "visible": true,
        "active": true
      }
    },
    "matrixColumns": {
      "itemNo": {
        "visible": true,
        "active": true
      },
      "itemDescription": {
        "visible": true,
        "active": true
      },
      "unit": {
        "visible": true,
        "active": true
      },
      "quantity": {
        "visible": true,
        "active": true
      },
      "unitPrice": {
        "visible": true,
        "active": true
      },
      "discountAmount": {
        "visible": true,
        "active": true
      },
      "amount": {
        "visible": true,
        "active": true
      },
      "netRate": {
        "visible": true,
        "active": true
      },
      "taxableAmount": {
        "visible": true,
        "active": true
      },
      "totalLC": {
        "visible": true,
        "active": true
      },
      "taxCode": {
        "visible": true,
        "active": true
      },
      "taxAmount": {
        "visible": true,
        "active": true
      },
      "stdDiscount": {
        "visible": true,
        "active": true
      },
      "commissionAmountPerTon": {
        "visible": true,
        "active": true
      },
      "commissionPercent": {
        "visible": true,
        "active": true
      },
      "commissionAmount": {
        "visible": true,
        "active": true
      },
      "openQty": {
        "visible": true,
        "active": true
      },
      "countryOfOrigin": {
        "visible": true,
        "active": true
      },
      "loc": {
        "visible": true,
        "active": true
      },
      "hsnCode": {
        "visible": true,
        "active": true
      },
      "sacCode": {
        "visible": true,
        "active": true
      },
      "sellerQuality": {
        "visible": false,
        "active": true
      },
      "buyerQuality": {
        "visible": false,
        "active": true
      },
      "sellerPrice": {
        "visible": false,
        "active": true
      },
      "buyerPrice": {
        "visible": false,
        "active": true
      },
      "sellerDelivery": {
        "visible": false,
        "active": true
      },
      "buyerDelivery": {
        "visible": false,
        "active": true
      },
      "sellerBrokerageAmtPer": {
        "visible": false,
        "active": true
      },
      "sellerBrokeragePercent": {
        "visible": false,
        "active": true
      },
      "sellerBrokerage": {
        "visible": false,
        "active": true
      },
      "buyerBrokerage": {
        "visible": false,
        "active": true
      },
      "qtySpecialInstruction": {
        "visible": false,
        "active": true
      },
      "deliverySpecialInstruction": {
        "visible": false,
        "active": true
      },
      "buyerBillDiscount": {
        "visible": false,
        "active": true
      },
      "sellerBillDiscount": {
        "visible": false,
        "active": true
      },
      "deliveredQty": {
        "visible": false,
        "active": true
      },
      "stcode": {
        "visible": false,
        "active": true
      },
      "whse": {
        "visible": false,
        "active": true
      },
      "distRule": {
        "visible": false,
        "active": true
      },
      "freeText": {
        "visible": false,
        "active": true
      },
      "uomCode": {
        "visible": false,
        "active": true
      },
      "uomName": {
        "visible": false,
        "active": true
      },
      "specialRebate": {
        "visible": false,
        "active": true
      },
      "commission": {
        "visible": false,
        "active": true
      },
      "sellerBrokeragePerQty": {
        "visible": false,
        "active": true
      },
      "buyerPaymentTerms": {
        "visible": false,
        "active": true
      },
      "sellerPaymentTerms": {
        "visible": false,
        "active": true
      },
      "freightPurchase": {
        "visible": false,
        "active": true
      },
      "freightSales": {
        "visible": false,
        "active": true
      },
      "freightProvider": {
        "visible": false,
        "active": true
      },
      "freightProviderName": {
        "visible": false,
        "active": true
      },
      "documentCreated": {
        "visible": false,
        "active": true
      },
      "brokerageNumber": {
        "visible": false,
        "active": true
      }
    },
    "rowUdfs": {
      "U_ItemCode": {
        "visible": false,
        "active": true
      },
      "U_Item_Desc": {
        "visible": false,
        "active": true
      },
      "U_UoM": {
        "visible": false,
        "active": true
      },
      "U_comby": {
        "visible": true,
        "active": true
      },
      "U_Loc": {
        "visible": true,
        "active": true
      },
      "U_Branch": {
        "visible": true,
        "active": true
      },
      "U_QcStatus": {
        "visible": true,
        "active": true
      },
      "U_Order_Qty": {
        "visible": true,
        "active": true
      },
      "U_Rate": {
        "visible": true,
        "active": true
      },
      "U_Amount": {
        "visible": true,
        "active": true
      },
      "U_Disc_Rate": {
        "visible": true,
        "active": true
      },
      "U_Disc_Amount": {
        "visible": true,
        "active": true
      }
    }
  }
}
[PUT] /api/form-settings/sapb1.dcDelivery.formSettings.v4
Request body: {
  "settings": {
    "headerUdfs": {
      "U_CUSTNAM": {
        "visible": true,
        "active": true
      },
      "U_Freight": {
        "visible": true,
        "active": true
      },
      "U_TRNS": {
        "visible": true,
        "active": true
      },
      "U_DSTN": {
        "visible": true,
        "active": true
      },
      "U_DSTNADD": {
        "visible": true,
        "active": true
      },
      "U_FDSTN": {
        "visible": true,
        "active": true
      },
      "U_FDSTADD": {
        "visible": true,
        "active": true
      },
      "U_DOCTHR": {
        "visible": true,
        "active": true
      },
      "U_QRY": {
        "visible": true,
        "active": true
      },
      "U_RSLN": {
        "visible": true,
        "active": true
      },
      "U_QRYST": {
        "visible": true,
        "active": true
      },
      "U_LRNO": {
        "visible": true,
        "active": true
      },
      "U_LRDT": {
        "visible": true,
        "active": true
      },
      "U_VEHNO": {
        "visible": true,
        "active": true
      },
      "U_SCharge": {
        "visible": true,
        "active": true
      },
      "U_UOM": {
        "visible": true,
        "active": true
      },
      "U_Price": {
        "visible": true,
        "active": true
      },
      "U_SAmount": {
        "visible": true,
        "active": true
      },
      "U_TOS": {
        "visible": true,
        "active": true
      },
      "U_FromDate": {
        "visible": true,
        "active": true
      },
      "U_ToDate": {
        "visible": true,
        "active": true
      },
      "U_SalesValue": {
        "visible": true,
        "active": true
      },
      "U_VendorCode": {
        "visible": true,
        "active": true
      },
      "U_Bill_Party_Code": {
        "visible": true,
        "active": true
      },
      "U_Bill_PartyName": {
        "visible": true,
        "active": true
      },
      "U_Terms_of_Supply": {
        "visible": true,
        "active": true
      },
      "U_Payment": {
        "visible": true,
        "active": true
      },
      "U_Party_Address_Id": {
        "visible": true,
        "active": true
      },
      "U_Bill_Party_Address": {
        "visible": true,
        "active": true
      },
      "U_Party_Code": {
        "visible": true,
        "active": true
      },
      "U_Party_Name": {
        "visible": true,
        "active": true
      },
      "U_Address_ID_Party": {
        "visible": true,
        "active": true
      },
      "U_party_Address": {
        "visible": true,
        "active": true
      },
      "U_Invoice_No": {
        "visible": true,
        "active": true
      },
      "U_Invoice_Date": {
        "visible": true,
        "active": true
      },
      "U_Due_Date": {
        "visible": true,
        "active": true
      },
      "U_Amount": {
        "visible": true,
        "active": true
      },
      "U_Disp_Sch": {
        "visible": true,
        "active": true
      },
      "U_Contact_Id": {
        "visible": true,
        "active": true
      },
      "U_OL_IN": {
        "visible": true,
        "active": true
      },
      "U_Receipt_Amt": {
        "visible": true,
        "active": true
      },
      "U_B_FromDate": {
        "visible": true,
        "active": true
      },
      "U_B_ToDate": {
        "visible": true,
        "active": true
      },
      "U_Seller_Code": {
        "visible": true,
        "active": true
      },
      "U_Seller_Name": {
        "visible": true,
        "active": true
      },
      "U_Seller_AddressId": {
        "visible": true,
        "active": true
      },
      "U_Seller_Address": {
        "visible": true,
        "active": true
      },
      "U_Old_Soda_Nodh_No": {
        "visible": true,
        "active": true
      },
      "U_Old_Soda_Nodh_Date": {
        "visible": true,
        "active": true
      },
      "U_Canceled": {
        "visible": true,
        "active": true
      },
      "U_TrfId": {
        "visible": true,
        "active": true
      },
      "U_TrfName": {
        "visible": true,
        "active": true
      },
      "U_TrfVehi": {
        "visible": true,
        "active": true
      },
      "U_TrfDist": {
        "visible": true,
        "active": true
      },
      "U_TrfMode": {
        "visible": true,
        "active": true
      },
      "U_TrfVType": {
        "visible": true,
        "active": true
      },
      "U_AckNo": {
        "visible": true,
        "active": true
      },
      "U_AckDt": {
        "visible": true,
        "active": true
      },
      "U_CanDt": {
        "visible": true,
        "active": true
      },
      "U_QrCode": {
        "visible": true,
        "active": true
      },
      "U_SigInv": {
        "visible": true,
        "active": true
      },
      "U_EwbDt": {
        "visible": true,
        "active": true
      },
      "U_EwbVliDt": {
        "visible": true,
        "active": true
      },
      "U_EWayBCan": {
        "visible": true,
        "active": true
      },
      "U_TrfCode": {
        "visible": true,
        "active": true
      },
      "U_MultiVeh": {
        "visible": true,
        "active": true
      },
      "U_MultiVehPosted": {
        "visible": true,
        "active": true
      },
      "U_SubSuply": {
        "visible": true,
        "active": true
      },
      "U_DocType": {
        "visible": true,
        "active": true
      },
      "U_TraType": {
        "visible": true,
        "active": true
      },
      "U_DelRemarks": {
        "visible": true,
        "active": true
      }
    },
    "matrixColumns": {
      "itemNo": {
        "visible": true,
        "active": true
      },
      "itemDescription": {
        "visible": true,
        "active": true
      },
      "unit": {
        "visible": true,
        "active": true
      },
      "openQty": {
        "visible": true,
        "active": true
      },
      "quantity": {
        "visible": true,
        "active": true
      },
      "balQty": {
        "visible": true,
        "active": true
      },
      "unitPrice": {
        "visible": true,
        "active": true
      },
      "discountAmount": {
        "visible": true,
        "active": true
      },
      "amount": {
        "visible": true,
        "active": true
      },
      "netRate": {
        "visible": true,
        "active": true
      },
      "taxableAmount": {
        "visible": true,
        "active": true
      },
      "totalLC": {
        "visible": true,
        "active": true
      },
      "taxCode": {
        "visible": true,
        "active": true
      },
      "taxAmount": {
        "visible": true,
        "active": true
      },
      "rate": {
        "visible": true,
        "active": true
      },
      "commissionPercent": {
        "visible": true,
        "active": true
      },
      "commissionAmount": {
        "visible": true,
        "active": true
      },
      "stdDiscount": {
        "visible": true,
        "active": true
      },
      "countryOfOrigin": {
        "visible": true,
        "active": true
      },
      "loc": {
        "visible": true,
        "active": true
      },
      "commissionAmountPerTon": {
        "visible": true,
        "active": true
      },
      "hsnCode": {
        "visible": true,
        "active": true
      },
      "sacCode": {
        "visible": true,
        "active": true
      },
      "commissionBy": {
        "visible": true,
        "active": true
      },
      "sellerQuality": {
        "visible": false,
        "active": true
      },
      "buyerQuality": {
        "visible": false,
        "active": true
      },
      "sellerPrice": {
        "visible": false,
        "active": true
      },
      "buyerPrice": {
        "visible": false,
        "active": true
      },
      "buyerDelivery": {
        "visible": false,
        "active": true
      },
      "sellerDelivery": {
        "visible": false,
        "active": true
      },
      "sellerBrokerage": {
        "visible": false,
        "active": true
      },
      "buyerBrokerage": {
        "visible": false,
        "active": true
      },
      "sellerSpecialInstruction": {
        "visible": false,
        "active": true
      },
      "buyerSpecialInstruction": {
        "visible": false,
        "active": true
      },
      "deliveredQty": {
        "visible": false,
        "active": true
      },
      "whse": {
        "visible": false,
        "active": true
      },
      "sellerBrokerageAmtPer": {
        "visible": false,
        "active": true
      },
      "sellerBrokeragePercent": {
        "visible": false,
        "active": true
      },
      "buyerBillDiscount": {
        "visible": false,
        "active": true
      },
      "sellerBillDiscount": {
        "visible": false,
        "active": true
      },
      "stcode": {
        "visible": false,
        "active": true
      },
      "buyerPaymentTerms": {
        "visible": false,
        "active": true
      },
      "sellerPaymentTerms": {
        "visible": false,
        "active": true
      },
      "freightPurchase": {
        "visible": false,
        "active": true
      },
      "freightSales": {
        "visible": false,
        "active": true
      },
      "freightProvider": {
        "visible": false,
        "active": true
      },
      "freightProviderName": {
        "visible": false,
        "active": true
      },
      "documentCreated": {
        "visible": false,
        "active": true
      },
      "brokerageNumber": {
        "visible": false,
        "active": true
      },
      "uomCode": {
        "visible": false,
        "active": true
      },
      "distRule": {
        "visible": false,
        "active": true
      },
      "branch": {
        "visible": false,
        "active": true
      },
      "unitPriceRepeat": {
        "visible": false,
        "active": true
      },
      "specialRebate": {
        "visible": false,
        "active": true
      },
      "commission": {
        "visible": false,
        "active": true
      },
      "sellerBrokeragePerQty": {
        "visible": false,
        "active": true
      },
      "sellerItem": {
        "visible": false,
        "active": true
      },
      "sellerQty": {
        "visible": false,
        "active": true
      },
      "batch": {
        "visible": false,
        "active": true
      }
    },
    "rowUdfs": {
      "U_ItemCode": {
        "visible": false,
        "active": true
      },
      "U_Item_Desc": {
        "visible": false,
        "active": true
      },
      "U_UoM": {
        "visible": false,
        "active": true
      },
      "U_Order_Qty": {
        "visible": false,
        "active": true
      },
      "U_Rate": {
        "visible": false,
        "active": true
      },
      "U_Amount": {
        "visible": false,
        "active": true
      },
      "U_Disc_Rate": {
        "visible": false,
        "active": true
      },
      "U_Disc_Amount": {
        "visible": false,
        "active": true
      },
      "U_comby": {
        "visible": false,
        "active": true
      },
      "U_Loc": {
        "visible": false,
        "active": true
      },
      "U_Branch": {
        "visible": false,
        "active": true
      },
      "U_PackingStatus": {
        "visible": false,
        "active": true
      }
    }
  }
}
[PUT] /api/form-settings/sapb1.dcSalesOrder.formSettings.v2
Request body: {
  "settings": {
    "headerUdfs": {
      "U_CUSTNAM": {
        "visible": true,
        "active": true
      },
      "U_Freight": {
        "visible": true,
        "active": true
      },
      "U_TRNS": {
        "visible": true,
        "active": true
      },
      "U_DSTN": {
        "visible": true,
        "active": true
      },
      "U_DSTNADD": {
        "visible": true,
        "active": true
      },
      "U_FDSTN": {
        "visible": true,
        "active": true
      },
      "U_FDSTADD": {
        "visible": true,
        "active": true
      },
      "U_DOCTHR": {
        "visible": true,
        "active": true
      },
      "U_QRY": {
        "visible": true,
        "active": true
      },
      "U_RSLN": {
        "visible": true,
        "active": true
      },
      "U_QRYST": {
        "visible": true,
        "active": true
      },
      "U_LRNO": {
        "visible": true,
        "active": true
      },
      "U_LRDT": {
        "visible": true,
        "active": true
      },
      "U_VEHNO": {
        "visible": true,
        "active": true
      },
      "U_SCharge": {
        "visible": true,
        "active": true
      },
      "U_UOM": {
        "visible": true,
        "active": true
      },
      "U_Price": {
        "visible": true,
        "active": true
      },
      "U_SAmount": {
        "visible": true,
        "active": true
      },
      "U_TOS": {
        "visible": true,
        "active": true
      },
      "U_FromDate": {
        "visible": true,
        "active": true
      },
      "U_ToDate": {
        "visible": true,
        "active": true
      },
      "U_SalesValue": {
        "visible": true,
        "active": true
      },
      "U_VendorCode": {
        "visible": true,
        "active": true
      },
      "U_Bill_Party_Code": {
        "visible": true,
        "active": true
      },
      "U_Bill_PartyName": {
        "visible": true,
        "active": true
      },
      "U_Terms_of_Supply": {
        "visible": true,
        "active": true
      },
      "U_Payment": {
        "visible": true,
        "active": true
      },
      "U_Party_Address_Id": {
        "visible": true,
        "active": true
      },
      "U_Bill_Party_Address": {
        "visible": true,
        "active": true
      },
      "U_Party_Code": {
        "visible": true,
        "active": true
      },
      "U_Party_Name": {
        "visible": true,
        "active": true
      },
      "U_Address_ID_Party": {
        "visible": true,
        "active": true
      },
      "U_party_Address": {
        "visible": true,
        "active": true
      },
      "U_Invoice_No": {
        "visible": true,
        "active": true
      },
      "U_Invoice_Date": {
        "visible": true,
        "active": true
      },
      "U_Due_Date": {
        "visible": true,
        "active": true
      },
      "U_Amount": {
        "visible": true,
        "active": true
      },
      "U_Disp_Sch": {
        "visible": true,
        "active": true
      },
      "U_Contact_Id": {
        "visible": true,
        "active": true
      },
      "U_OL_IN": {
        "visible": true,
        "active": true
      },
      "U_Receipt_Amt": {
        "visible": true,
        "active": true
      },
      "U_B_FromDate": {
        "visible": true,
        "active": true
      },
      "U_B_ToDate": {
        "visible": true,
        "active": true
      },
      "U_Seller_Code": {
        "visible": true,
        "active": true
      },
      "U_Seller_Name": {
        "visible": true,
        "active": true
      },
      "U_Seller_AddressId": {
        "visible": true,
        "active": true
      },
      "U_Seller_Address": {
        "visible": true,
        "active": true
      },
      "U_Old_Soda_Nodh_No": {
        "visible": true,
        "active": true
      },
      "U_Old_Soda_Nodh_Date": {
        "visible": true,
        "active": true
      },
      "U_Canceled": {
        "visible": true,
        "active": true
      },
      "U_TrfId": {
        "visible": true,
        "active": true
      },
      "U_TrfName": {
        "visible": true,
        "active": true
      },
      "U_TrfVehi": {
        "visible": true,
        "active": true
      },
      "U_TrfDist": {
        "visible": true,
        "active": true
      },
      "U_TrfMode": {
        "visible": true,
        "active": true
      },
      "U_TrfVType": {
        "visible": true,
        "active": true
      },
      "U_AckNo": {
        "visible": true,
        "active": true
      },
      "U_AckDt": {
        "visible": true,
        "active": true
      },
      "U_CanDt": {
        "visible": true,
        "active": true
      },
      "U_QrCode": {
        "visible": true,
        "active": true
      },
      "U_SigInv": {
        "visible": true,
        "active": true
      },
      "U_EwbDt": {
        "visible": true,
        "active": true
      },
      "U_EwbVliDt": {
        "visible": true,
        "active": true
      },
      "U_EWayBCan": {
        "visible": true,
        "active": true
      },
      "U_TrfCode": {
        "visible": true,
        "active": true
      },
      "U_MultiVeh": {
        "visible": true,
        "active": true
      },
      "U_MultiVehPosted": {
        "visible": true,
        "active": true
      },
      "U_SubSuply": {
        "visible": true,
        "active": true
      },
      "U_DocType": {
        "visible": true,
        "active": true
      },
      "U_TraType": {
        "visible": true,
        "active": true
      },
      "U_DelRemarks": {
        "visible": true,
        "active": true
      }
    },
    "matrixColumns": {
      "itemNo": {
        "visible": true,
        "active": true
      },
      "itemDescription": {
        "visible": true,
        "active": true
      },
      "unit": {
        "visible": true,
        "active": true
      },
      "quantity": {
        "visible": true,
        "active": true
      },
      "unitPrice": {
        "visible": true,
        "active": true
      },
      "discountAmount": {
        "visible": true,
        "active": true
      },
      "amount": {
        "visible": true,
        "active": true
      },
      "netRate": {
        "visible": true,
        "active": true
      },
      "taxableAmount": {
        "visible": true,
        "active": true
      },
      "totalLC": {
        "visible": true,
        "active": true
      },
      "taxCode": {
        "visible": true,
        "active": true
      },
      "taxAmount": {
        "visible": true,
        "active": true
      },
      "stdDiscount": {
        "visible": true,
        "active": true
      },
      "commissionAmountPerTon": {
        "visible": true,
        "active": true
      },
      "commissionPercent": {
        "visible": true,
        "active": true
      },
      "commissionAmount": {
        "visible": true,
        "active": true
      },
      "openQty": {
        "visible": true,
        "active": true
      },
      "countryOfOrigin": {
        "visible": true,
        "active": true
      },
      "loc": {
        "visible": true,
        "active": true
      },
      "hsnCode": {
        "visible": true,
        "active": true
      },
      "sacCode": {
        "visible": true,
        "active": true
      },
      "sellerQuality": {
        "visible": false,
        "active": true
      },
      "buyerQuality": {
        "visible": false,
        "active": true
      },
      "sellerPrice": {
        "visible": false,
        "active": true
      },
      "buyerPrice": {
        "visible": false,
        "active": true
      },
      "sellerDelivery": {
        "visible": false,
        "active": true
      },
      "buyerDelivery": {
        "visible": false,
        "active": true
      },
      "sellerBrokerageAmtPer": {
        "visible": false,
        "active": true
      },
      "sellerBrokeragePercent": {
        "visible": false,
        "active": true
      },
      "sellerBrokerage": {
        "visible": false,
        "active": true
      },
      "buyerBrokerage": {
        "visible": false,
        "active": true
      },
      "qtySpecialInstruction": {
        "visible": false,
        "active": true
      },
      "deliverySpecialInstruction": {
        "visible": false,
        "active": true
      },
      "buyerBillDiscount": {
        "visible": false,
        "active": true
      },
      "sellerBillDiscount": {
        "visible": false,
        "active": true
      },
      "deliveredQty": {
        "visible": false,
        "active": true
      },
      "stcode": {
        "visible": false,
        "active": true
      },
      "whse": {
        "visible": false,
        "active": true
      },
      "distRule": {
        "visible": false,
        "active": true
      },
      "freeText": {
        "visible": false,
        "active": true
      },
      "uomCode": {
        "visible": false,
        "active": true
      },
      "uomName": {
        "visible": false,
        "active": true
      },
      "specialRebate": {
        "visible": false,
        "active": true
      },
      "commission": {
        "visible": false,
        "active": true
      },
      "sellerBrokeragePerQty": {
        "visible": false,
        "active": true
      },
      "buyerPaymentTerms": {
        "visible": false,
        "active": true
      },
      "sellerPaymentTerms": {
        "visible": false,
        "active": true
      },
      "freightPurchase": {
        "visible": false,
        "active": true
      },
      "freightSales": {
        "visible": false,
        "active": true
      },
      "freightProvider": {
        "visible": false,
        "active": true
      },
      "freightProviderName": {
        "visible": false,
        "active": true
      },
      "documentCreated": {
        "visible": false,
        "active": true
      },
      "brokerageNumber": {
        "visible": false,
        "active": true
      }
    },
    "rowUdfs": {
      "U_ItemCode": {
        "visible": false,
        "active": true
      },
      "U_Item_Desc": {
        "visible": false,
        "active": true
      },
      "U_UoM": {
        "visible": false,
        "active": true
      },
      "U_comby": {
        "visible": true,
        "active": true
      },
      "U_Loc": {
        "visible": true,
        "active": true
      },
      "U_Branch": {
        "visible": true,
        "active": true
      },
      "U_QcStatus": {
        "visible": true,
        "active": true
      },
      "U_Order_Qty": {
        "visible": true,
        "active": true
      },
      "U_Rate": {
        "visible": true,
        "active": true
      },
      "U_Amount": {
        "visible": true,
        "active": true
      },
      "U_Disc_Rate": {
        "visible": true,
        "active": true
      },
      "U_Disc_Amount": {
        "visible": true,
        "active": true
      }
    }
  }
}
[PUT] /api/form-settings/sapb1.dcDelivery.formSettings.v4
Request body: {
  "settings": {
    "headerUdfs": {
      "U_CUSTNAM": {
        "visible": true,
        "active": true
      },
      "U_Freight": {
        "visible": true,
        "active": true
      },
      "U_TRNS": {
        "visible": true,
        "active": true
      },
      "U_DSTN": {
        "visible": true,
        "active": true
      },
      "U_DSTNADD": {
        "visible": true,
        "active": true
      },
      "U_FDSTN": {
        "visible": true,
        "active": true
      },
      "U_FDSTADD": {
        "visible": true,
        "active": true
      },
      "U_DOCTHR": {
        "visible": true,
        "active": true
      },
      "U_QRY": {
        "visible": true,
        "active": true
      },
      "U_RSLN": {
        "visible": true,
        "active": true
      },
      "U_QRYST": {
        "visible": true,
        "active": true
      },
      "U_LRNO": {
        "visible": true,
        "active": true
      },
      "U_LRDT": {
        "visible": true,
        "active": true
      },
      "U_VEHNO": {
        "visible": true,
        "active": true
      },
      "U_SCharge": {
        "visible": true,
        "active": true
      },
      "U_UOM": {
        "visible": true,
        "active": true
      },
      "U_Price": {
        "visible": true,
        "active": true
      },
      "U_SAmount": {
        "visible": true,
        "active": true
      },
      "U_TOS": {
        "visible": true,
        "active": true
      },
      "U_FromDate": {
        "visible": true,
        "active": true
      },
      "U_ToDate": {
        "visible": true,
        "active": true
      },
      "U_SalesValue": {
        "visible": true,
        "active": true
      },
      "U_VendorCode": {
        "visible": true,
        "active": true
      },
      "U_Bill_Party_Code": {
        "visible": true,
        "active": true
      },
      "U_Bill_PartyName": {
        "visible": true,
        "active": true
      },
      "U_Terms_of_Supply": {
        "visible": true,
        "active": true
      },
      "U_Payment": {
        "visible": true,
        "active": true
      },
      "U_Party_Address_Id": {
        "visible": true,
        "active": true
      },
      "U_Bill_Party_Address": {
        "visible": true,
        "active": true
      },
      "U_Party_Code": {
        "visible": true,
        "active": true
      },
      "U_Party_Name": {
        "visible": true,
        "active": true
      },
      "U_Address_ID_Party": {
        "visible": true,
        "active": true
      },
      "U_party_Address": {
        "visible": true,
        "active": true
      },
      "U_Invoice_No": {
        "visible": true,
        "active": true
      },
      "U_Invoice_Date": {
        "visible": true,
        "active": true
      },
      "U_Due_Date": {
        "visible": true,
        "active": true
      },
      "U_Amount": {
        "visible": true,
        "active": true
      },
      "U_Disp_Sch": {
        "visible": true,
        "active": true
      },
      "U_Contact_Id": {
        "visible": true,
        "active": true
      },
      "U_OL_IN": {
        "visible": true,
        "active": true
      },
      "U_Receipt_Amt": {
        "visible": true,
        "active": true
      },
      "U_B_FromDate": {
        "visible": true,
        "active": true
      },
      "U_B_ToDate": {
        "visible": true,
        "active": true
      },
      "U_Seller_Code": {
        "visible": true,
        "active": true
      },
      "U_Seller_Name": {
        "visible": true,
        "active": true
      },
      "U_Seller_AddressId": {
        "visible": true,
        "active": true
      },
      "U_Seller_Address": {
        "visible": true,
        "active": true
      },
      "U_Old_Soda_Nodh_No": {
        "visible": true,
        "active": true
      },
      "U_Old_Soda_Nodh_Date": {
        "visible": true,
        "active": true
      },
      "U_Canceled": {
        "visible": true,
        "active": true
      },
      "U_TrfId": {
        "visible": true,
        "active": true
      },
      "U_TrfName": {
        "visible": true,
        "active": true
      },
      "U_TrfVehi": {
        "visible": true,
        "active": true
      },
      "U_TrfDist": {
        "visible": true,
        "active": true
      },
      "U_TrfMode": {
        "visible": true,
        "active": true
      },
      "U_TrfVType": {
        "visible": true,
        "active": true
      },
      "U_AckNo": {
        "visible": true,
        "active": true
      },
      "U_AckDt": {
        "visible": true,
        "active": true
      },
      "U_CanDt": {
        "visible": true,
        "active": true
      },
      "U_QrCode": {
        "visible": true,
        "active": true
      },
      "U_SigInv": {
        "visible": true,
        "active": true
      },
      "U_EwbDt": {
        "visible": true,
        "active": true
      },
      "U_EwbVliDt": {
        "visible": true,
        "active": true
      },
      "U_EWayBCan": {
        "visible": true,
        "active": true
      },
      "U_TrfCode": {
        "visible": true,
        "active": true
      },
      "U_MultiVeh": {
        "visible": true,
        "active": true
      },
      "U_MultiVehPosted": {
        "visible": true,
        "active": true
      },
      "U_SubSuply": {
        "visible": true,
        "active": true
      },
      "U_DocType": {
        "visible": true,
        "active": true
      },
      "U_TraType": {
        "visible": true,
        "active": true
      },
      "U_DelRemarks": {
        "visible": true,
        "active": true
      }
    },
    "matrixColumns": {
      "itemNo": {
        "visible": true,
        "active": true
      },
      "itemDescription": {
        "visible": true,
        "active": true
      },
      "unit": {
        "visible": true,
        "active": true
      },
      "openQty": {
        "visible": true,
        "active": true
      },
      "quantity": {
        "visible": true,
        "active": true
      },
      "balQty": {
        "visible": true,
        "active": true
      },
      "unitPrice": {
        "visible": true,
        "active": true
      },
      "discountAmount": {
        "visible": true,
        "active": true
      },
      "amount": {
        "visible": true,
        "active": true
      },
      "netRate": {
        "visible": true,
        "active": true
      },
      "taxableAmount": {
        "visible": true,
        "active": true
      },
      "totalLC": {
        "visible": true,
        "active": true
      },
      "taxCode": {
        "visible": true,
        "active": true
      },
      "taxAmount": {
        "visible": true,
        "active": true
      },
      "rate": {
        "visible": true,
        "active": true
      },
      "commissionPercent": {
        "visible": true,
        "active": true
      },
      "commissionAmount": {
        "visible": true,
        "active": true
      },
      "stdDiscount": {
        "visible": true,
        "active": true
      },
      "countryOfOrigin": {
        "visible": true,
        "active": true
      },
      "loc": {
        "visible": true,
        "active": true
      },
      "commissionAmountPerTon": {
        "visible": true,
        "active": true
      },
      "hsnCode": {
        "visible": true,
        "active": true
      },
      "sacCode": {
        "visible": true,
        "active": true
      },
      "commissionBy": {
        "visible": true,
        "active": true
      },
      "sellerQuality": {
        "visible": false,
        "active": true
      },
      "buyerQuality": {
        "visible": false,
        "active": true
      },
      "sellerPrice": {
        "visible": false,
        "active": true
      },
      "buyerPrice": {
        "visible": false,
        "active": true
      },
      "buyerDelivery": {
        "visible": false,
        "active": true
      },
      "sellerDelivery": {
        "visible": false,
        "active": true
      },
      "sellerBrokerage": {
        "visible": false,
        "active": true
      },
      "buyerBrokerage": {
        "visible": false,
        "active": true
      },
      "sellerSpecialInstruction": {
        "visible": false,
        "active": true
      },
      "buyerSpecialInstruction": {
        "visible": false,
        "active": true
      },
      "deliveredQty": {
        "visible": false,
        "active": true
      },
      "whse": {
        "visible": false,
        "active": true
      },
      "sellerBrokerageAmtPer": {
        "visible": false,
        "active": true
      },
      "sellerBrokeragePercent": {
        "visible": false,
        "active": true
      },
      "buyerBillDiscount": {
        "visible": false,
        "active": true
      },
      "sellerBillDiscount": {
        "visible": false,
        "active": true
      },
      "stcode": {
        "visible": false,
        "active": true
      },
      "buyerPaymentTerms": {
        "visible": false,
        "active": true
      },
      "sellerPaymentTerms": {
        "visible": false,
        "active": true
      },
      "freightPurchase": {
        "visible": false,
        "active": true
      },
      "freightSales": {
        "visible": false,
        "active": true
      },
      "freightProvider": {
        "visible": false,
        "active": true
      },
      "freightProviderName": {
        "visible": false,
        "active": true
      },
      "documentCreated": {
        "visible": false,
        "active": true
      },
      "brokerageNumber": {
        "visible": false,
        "active": true
      },
      "uomCode": {
        "visible": false,
        "active": true
      },
      "distRule": {
        "visible": false,
        "active": true
      },
      "branch": {
        "visible": false,
        "active": true
      },
      "unitPriceRepeat": {
        "visible": false,
        "active": true
      },
      "specialRebate": {
        "visible": false,
        "active": true
      },
      "commission": {
        "visible": false,
        "active": true
      },
      "sellerBrokeragePerQty": {
        "visible": false,
        "active": true
      },
      "sellerItem": {
        "visible": false,
        "active": true
      },
      "sellerQty": {
        "visible": false,
        "active": true
      },
      "batch": {
        "visible": false,
        "active": true
      }
    },
    "rowUdfs": {
      "U_ItemCode": {
        "visible": false,
        "active": true
      },
      "U_Item_Desc": {
        "visible": false,
        "active": true
      },
      "U_UoM": {
        "visible": false,
        "active": true
      },
      "U_Order_Qty": {
        "visible": false,
        "active": true
      },
      "U_Rate": {
        "visible": false,
        "active": true
      },
      "U_Amount": {
        "visible": false,
        "active": true
      },
      "U_Disc_Rate": {
        "visible": false,
        "active": true
      },
      "U_Disc_Amount": {
        "visible": false,
        "active": true
      },
      "U_comby": {
        "visible": false,
        "active": true
      },
      "U_Loc": {
        "visible": false,
        "active": true
      },
      "U_Branch": {
        "visible": false,
        "active": true
      },
      "U_PackingStatus": {
        "visible": false,
        "active": true
      }
    }
  }
}
[DB] getDelivery - requested identifier: 4502, resolved DocEntry: 4502, Line rows found: 1
[DB] getDelivery - First line: {
  LineNum: 0,
  ItemCode: 'CFD',
  ItemDescription: 'Cattle feed branddry',
  Quantity: 10,
  UnitPrice: 100,
  DiscountPercent: 0,
  LineTotal: 1000,
  Warehouse: '01',
  OpenQuantity: 10,
  TaxCode: 'IGST12',
  LineTaxAmount: 120,
  UomFactor: 1,
  UoMEntry: -1,
  UoMCode: 'Manual',
  DistributionRule: '',
  FreeText: null,
  CountryOfOrigin: null,
  BaseEntry: null,
  BaseType: -1,
  BaseLine: null,
  HSNCode: '2302.10.10',
  BatchManaged: 'N',
  Branch: '',
  Loc: ''
}
[DB] getDelivery - requested identifier: 4502, resolved DocEntry: 4502, Line rows found: 1
[DB] getDelivery - First line: {
  LineNum: 0,
  ItemCode: 'CFD',
  ItemDescription: 'Cattle feed branddry',
  Quantity: 10,
  UnitPrice: 100,
  DiscountPercent: 0,
  LineTotal: 1000,
  Warehouse: '01',
  OpenQuantity: 10,
  TaxCode: 'IGST12',
  LineTaxAmount: 120,
  UomFactor: 1,
  UoMEntry: -1,
  UoMCode: 'Manual',
  DistributionRule: '',
  FreeText: null,
  CountryOfOrigin: null,
  BaseEntry: null,
  BaseType: -1,
  BaseLine: null,
  HSNCode: '2302.10.10',
  BatchManaged: 'N',
  Branch: '',
  Loc: ''
}
[DB] getDelivery - requested identifier: 4502, resolved DocEntry: 4502, Line rows found: 1
[DB] getDelivery - First line: {
  LineNum: 0,
  ItemCode: 'CFD',
  ItemDescription: 'Cattle feed branddry',
  Quantity: 10,
  UnitPrice: 100,
  DiscountPercent: 0,
  LineTotal: 1000,
  Warehouse: '01',
  OpenQuantity: 10,
  TaxCode: 'IGST12',
  LineTaxAmount: 120,
  UomFactor: 1,
  UoMEntry: -1,
  UoMCode: 'Manual',
  DistributionRule: '',
  FreeText: null,
  CountryOfOrigin: null,
  BaseEntry: null,
  BaseType: -1,
  BaseLine: null,
  HSNCode: '2302.10.10',
  BatchManaged: 'N',
  Branch: '',
  Loc: ''
}
[PUT] /api/form-settings/sapb1.dcDelivery.formSettings.v4
Request body: {
  "settings": {
    "headerUdfs": {
      "U_CUSTNAM": {
        "visible": true,
        "active": true
      },
      "U_Freight": {
        "visible": true,
        "active": true
      },
      "U_TRNS": {
        "visible": true,
        "active": true
      },
      "U_DSTN": {
        "visible": true,
        "active": true
      },
      "U_DSTNADD": {
        "visible": true,
        "active": true
      },
      "U_FDSTN": {
        "visible": true,
        "active": true
      },
      "U_FDSTADD": {
        "visible": true,
        "active": true
      },
      "U_DOCTHR": {
        "visible": true,
        "active": true
      },
      "U_QRY": {
        "visible": true,
        "active": true
      },
      "U_RSLN": {
        "visible": true,
        "active": true
      },
      "U_QRYST": {
        "visible": true,
        "active": true
      },
      "U_LRNO": {
        "visible": true,
        "active": true
      },
      "U_LRDT": {
        "visible": true,
        "active": true
      },
      "U_VEHNO": {
        "visible": true,
        "active": true
      },
      "U_SCharge": {
        "visible": true,
        "active": true
      },
      "U_UOM": {
        "visible": true,
        "active": true
      },
      "U_Price": {
        "visible": true,
        "active": true
      },
      "U_SAmount": {
        "visible": true,
        "active": true
      },
      "U_TOS": {
        "visible": true,
        "active": true
      },
      "U_FromDate": {
        "visible": true,
        "active": true
      },
      "U_ToDate": {
        "visible": true,
        "active": true
      },
      "U_SalesValue": {
        "visible": true,
        "active": true
      },
      "U_VendorCode": {
        "visible": true,
        "active": true
      },
      "U_Bill_Party_Code": {
        "visible": true,
        "active": true
      },
      "U_Bill_PartyName": {
        "visible": true,
        "active": true
      },
      "U_Terms_of_Supply": {
        "visible": true,
        "active": true
      },
      "U_Payment": {
        "visible": true,
        "active": true
      },
      "U_Party_Address_Id": {
        "visible": true,
        "active": true
      },
      "U_Bill_Party_Address": {
        "visible": true,
        "active": true
      },
      "U_Party_Code": {
        "visible": true,
        "active": true
      },
      "U_Party_Name": {
        "visible": true,
        "active": true
      },
      "U_Address_ID_Party": {
        "visible": true,
        "active": true
      },
      "U_party_Address": {
        "visible": true,
        "active": true
      },
      "U_Invoice_No": {
        "visible": true,
        "active": true
      },
      "U_Invoice_Date": {
        "visible": true,
        "active": true
      },
      "U_Due_Date": {
        "visible": true,
        "active": true
      },
      "U_Amount": {
        "visible": true,
        "active": true
      },
      "U_Disp_Sch": {
        "visible": true,
        "active": true
      },
      "U_Contact_Id": {
        "visible": true,
        "active": true
      },
      "U_OL_IN": {
        "visible": true,
        "active": true
      },
      "U_Receipt_Amt": {
        "visible": true,
        "active": true
      },
      "U_B_FromDate": {
        "visible": true,
        "active": true
      },
      "U_B_ToDate": {
        "visible": true,
        "active": true
      },
      "U_Seller_Code": {
        "visible": true,
        "active": true
      },
      "U_Seller_Name": {
        "visible": true,
        "active": true
      },
      "U_Seller_AddressId": {
        "visible": true,
        "active": true
      },
      "U_Seller_Address": {
        "visible": true,
        "active": true
      },
      "U_Old_Soda_Nodh_No": {
        "visible": true,
        "active": true
      },
      "U_Old_Soda_Nodh_Date": {
        "visible": true,
        "active": true
      },
      "U_Canceled": {
        "visible": true,
        "active": true
      },
      "U_TrfId": {
        "visible": true,
        "active": true
      },
      "U_TrfName": {
        "visible": true,
        "active": true
      },
      "U_TrfVehi": {
        "visible": true,
        "active": true
      },
      "U_TrfDist": {
        "visible": true,
        "active": true
      },
      "U_TrfMode": {
        "visible": true,
        "active": true
      },
      "U_TrfVType": {
        "visible": true,
        "active": true
      },
      "U_AckNo": {
        "visible": true,
        "active": true
      },
      "U_AckDt": {
        "visible": true,
        "active": true
      },
      "U_CanDt": {
        "visible": true,
        "active": true
      },
      "U_QrCode": {
        "visible": true,
        "active": true
      },
      "U_SigInv": {
        "visible": true,
        "active": true
      },
      "U_EwbDt": {
        "visible": true,
        "active": true
      },
      "U_EwbVliDt": {
        "visible": true,
        "active": true
      },
      "U_EWayBCan": {
        "visible": true,
        "active": true
      },
      "U_TrfCode": {
        "visible": true,
        "active": true
      },
      "U_MultiVeh": {
        "visible": true,
        "active": true
      },
      "U_MultiVehPosted": {
        "visible": true,
        "active": true
      },
      "U_SubSuply": {
        "visible": true,
        "active": true
      },
      "U_DocType": {
        "visible": true,
        "active": true
      },
      "U_TraType": {
        "visible": true,
        "active": true
      },
      "U_DelRemarks": {
        "visible": true,
        "active": true
      }
    },
    "matrixColumns": {
      "itemNo": {
        "visible": true,
        "active": true
      },
      "itemDescription": {
        "visible": true,
        "active": true
      },
      "unit": {
        "visible": true,
        "active": true
      },
      "openQty": {
        "visible": true,
        "active": true
      },
      "quantity": {
        "visible": true,
        "active": true
      },
      "balQty": {
        "visible": true,
        "active": true
      },
      "unitPrice": {
        "visible": true,
        "active": true
      },
      "discountAmount": {
        "visible": true,
        "active": true
      },
      "amount": {
        "visible": true,
        "active": true
      },
      "netRate": {
        "visible": true,
        "active": true
      },
      "taxableAmount": {
        "visible": true,
        "active": true
      },
      "totalLC": {
        "visible": true,
        "active": true
      },
      "taxCode": {
        "visible": true,
        "active": true
      },
      "taxAmount": {
        "visible": true,
        "active": true
      },
      "rate": {
        "visible": true,
        "active": true
      },
      "commissionPercent": {
        "visible": true,
        "active": true
      },
      "commissionAmount": {
        "visible": true,
        "active": true
      },
      "stdDiscount": {
        "visible": true,
        "active": true
      },
      "countryOfOrigin": {
        "visible": true,
        "active": true
      },
      "loc": {
        "visible": true,
        "active": true
      },
      "commissionAmountPerTon": {
        "visible": true,
        "active": true
      },
      "hsnCode": {
        "visible": true,
        "active": true
      },
      "sacCode": {
        "visible": true,
        "active": true
      },
      "commissionBy": {
        "visible": true,
        "active": true
      },
      "sellerQuality": {
        "visible": false,
        "active": true
      },
      "buyerQuality": {
        "visible": false,
        "active": true
      },
      "sellerPrice": {
        "visible": false,
        "active": true
      },
      "buyerPrice": {
        "visible": false,
        "active": true
      },
      "buyerDelivery": {
        "visible": false,
        "active": true
      },
      "sellerDelivery": {
        "visible": false,
        "active": true
      },
      "sellerBrokerage": {
        "visible": false,
        "active": true
      },
      "buyerBrokerage": {
        "visible": false,
        "active": true
      },
      "sellerSpecialInstruction": {
        "visible": false,
        "active": true
      },
      "buyerSpecialInstruction": {
        "visible": false,
        "active": true
      },
      "deliveredQty": {
        "visible": false,
        "active": true
      },
      "whse": {
        "visible": false,
        "active": true
      },
      "sellerBrokerageAmtPer": {
        "visible": false,
        "active": true
      },
      "sellerBrokeragePercent": {
        "visible": false,
        "active": true
      },
      "buyerBillDiscount": {
        "visible": false,
        "active": true
      },
      "sellerBillDiscount": {
        "visible": false,
        "active": true
      },
      "stcode": {
        "visible": false,
        "active": true
      },
      "buyerPaymentTerms": {
        "visible": false,
        "active": true
      },
      "sellerPaymentTerms": {
        "visible": false,
        "active": true
      },
      "freightPurchase": {
        "visible": false,
        "active": true
      },
      "freightSales": {
        "visible": false,
        "active": true
      },
      "freightProvider": {
        "visible": false,
        "active": true
      },
      "freightProviderName": {
        "visible": false,
        "active": true
      },
      "documentCreated": {
        "visible": false,
        "active": true
      },
      "brokerageNumber": {
        "visible": false,
        "active": true
      },
      "uomCode": {
        "visible": false,
        "active": true
      },
      "distRule": {
        "visible": false,
        "active": true
      },
      "branch": {
        "visible": false,
        "active": true
      },
      "unitPriceRepeat": {
        "visible": false,
        "active": true
      },
      "specialRebate": {
        "visible": false,
        "active": true
      },
      "commission": {
        "visible": false,
        "active": true
      },
      "sellerBrokeragePerQty": {
        "visible": false,
        "active": true
      },
      "sellerItem": {
        "visible": false,
        "active": true
      },
      "sellerQty": {
        "visible": false,
        "active": true
      },
      "batch": {
        "visible": false,
        "active": true
      }
    },
    "rowUdfs": {
      "U_ItemCode": {
        "visible": false,
        "active": true
      },
      "U_Item_Desc": {
        "visible": false,
        "active": true
      },
      "U_UoM": {
        "visible": false,
        "active": true
      },
      "U_Order_Qty": {
        "visible": false,
        "active": true
      },
      "U_Rate": {
        "visible": false,
        "active": true
      },
      "U_Amount": {
        "visible": false,
        "active": true
      },
      "U_Disc_Rate": {
        "visible": false,
        "active": true
      },
      "U_Disc_Amount": {
        "visible": false,
        "active": true
      },
      "U_comby": {
        "visible": false,
        "active": true
      },
      "U_Loc": {
        "visible": false,
        "active": true
      },
      "U_Branch": {
        "visible": false,
        "active": true
      },
      "U_PackingStatus": {
        "visible": false,
        "active": true
      }
    }
  }
}
[DB] getDelivery - requested identifier: 4502, resolved DocEntry: 4502, Line rows found: 1
[DB] getDelivery - First line: {
  LineNum: 0,
  ItemCode: 'CFD',
  ItemDescription: 'Cattle feed branddry',
  Quantity: 10,
  UnitPrice: 100,
  DiscountPercent: 0,
  LineTotal: 1000,
  Warehouse: '01',
  OpenQuantity: 10,
  TaxCode: 'IGST12',
  LineTaxAmount: 120,
  UomFactor: 1,
  UoMEntry: -1,
  UoMCode: 'Manual',
  DistributionRule: '',
  FreeText: null,
  CountryOfOrigin: null,
  BaseEntry: null,
  BaseType: -1,
  BaseLine: null,
  HSNCode: '2302.10.10',
  BatchManaged: 'N',
  Branch: '',
  Loc: ''
}
[PUT] /api/form-settings/sapb1.dcDelivery.formSettings.v4
Request body: {
  "settings": {
    "headerUdfs": {
      "U_CUSTNAM": {
        "visible": true,
        "active": true
      },
      "U_Freight": {
        "visible": true,
        "active": true
      },
      "U_TRNS": {
        "visible": true,
        "active": true
      },
      "U_DSTN": {
        "visible": true,
        "active": true
      },
      "U_DSTNADD": {
        "visible": true,
        "active": true
      },
      "U_FDSTN": {
        "visible": true,
        "active": true
      },
      "U_FDSTADD": {
        "visible": true,
        "active": true
      },
      "U_DOCTHR": {
        "visible": true,
        "active": true
      },
      "U_QRY": {
        "visible": true,
        "active": true
      },
      "U_RSLN": {
        "visible": true,
        "active": true
      },
      "U_QRYST": {
        "visible": true,
        "active": true
      },
      "U_LRNO": {
        "visible": true,
        "active": true
      },
      "U_LRDT": {
        "visible": true,
        "active": true
      },
      "U_VEHNO": {
        "visible": true,
        "active": true
      },
      "U_SCharge": {
        "visible": true,
        "active": true
      },
      "U_UOM": {
        "visible": true,
        "active": true
      },
      "U_Price": {
        "visible": true,
        "active": true
      },
      "U_SAmount": {
        "visible": true,
        "active": true
      },
      "U_TOS": {
        "visible": true,
        "active": true
      },
      "U_FromDate": {
        "visible": true,
        "active": true
      },
      "U_ToDate": {
        "visible": true,
        "active": true
      },
      "U_SalesValue": {
        "visible": true,
        "active": true
      },
      "U_VendorCode": {
        "visible": true,
        "active": true
      },
      "U_Bill_Party_Code": {
        "visible": true,
        "active": true
      },
      "U_Bill_PartyName": {
        "visible": true,
        "active": true
      },
      "U_Terms_of_Supply": {
        "visible": true,
        "active": true
      },
      "U_Payment": {
        "visible": true,
        "active": true
      },
      "U_Party_Address_Id": {
        "visible": true,
        "active": true
      },
      "U_Bill_Party_Address": {
        "visible": true,
        "active": true
      },
      "U_Party_Code": {
        "visible": true,
        "active": true
      },
      "U_Party_Name": {
        "visible": true,
        "active": true
      },
      "U_Address_ID_Party": {
        "visible": true,
        "active": true
      },
      "U_party_Address": {
        "visible": true,
        "active": true
      },
      "U_Invoice_No": {
        "visible": true,
        "active": true
      },
      "U_Invoice_Date": {
        "visible": true,
        "active": true
      },
      "U_Due_Date": {
        "visible": true,
        "active": true
      },
      "U_Amount": {
        "visible": true,
        "active": true
      },
      "U_Disp_Sch": {
        "visible": true,
        "active": true
      },
      "U_Contact_Id": {
        "visible": true,
        "active": true
      },
      "U_OL_IN": {
        "visible": true,
        "active": true
      },
      "U_Receipt_Amt": {
        "visible": true,
        "active": true
      },
      "U_B_FromDate": {
        "visible": true,
        "active": true
      },
      "U_B_ToDate": {
        "visible": true,
        "active": true
      },
      "U_Seller_Code": {
        "visible": true,
        "active": true
      },
      "U_Seller_Name": {
        "visible": true,
        "active": true
      },
      "U_Seller_AddressId": {
        "visible": true,
        "active": true
      },
      "U_Seller_Address": {
        "visible": true,
        "active": true
      },
      "U_Old_Soda_Nodh_No": {
        "visible": true,
        "active": true
      },
      "U_Old_Soda_Nodh_Date": {
        "visible": true,
        "active": true
      },
      "U_Canceled": {
        "visible": true,
        "active": true
      },
      "U_TrfId": {
        "visible": true,
        "active": true
      },
      "U_TrfName": {
        "visible": true,
        "active": true
      },
      "U_TrfVehi": {
        "visible": true,
        "active": true
      },
      "U_TrfDist": {
        "visible": true,
        "active": true
      },
      "U_TrfMode": {
        "visible": true,
        "active": true
      },
      "U_TrfVType": {
        "visible": true,
        "active": true
      },
      "U_AckNo": {
        "visible": true,
        "active": true
      },
      "U_AckDt": {
        "visible": true,
        "active": true
      },
      "U_CanDt": {
        "visible": true,
        "active": true
      },
      "U_QrCode": {
        "visible": true,
        "active": true
      },
      "U_SigInv": {
        "visible": true,
        "active": true
      },
      "U_EwbDt": {
        "visible": true,
        "active": true
      },
      "U_EwbVliDt": {
        "visible": true,
        "active": true
      },
      "U_EWayBCan": {
        "visible": true,
        "active": true
      },
      "U_TrfCode": {
        "visible": true,
        "active": true
      },
      "U_MultiVeh": {
        "visible": true,
        "active": true
      },
      "U_MultiVehPosted": {
        "visible": true,
        "active": true
      },
      "U_SubSuply": {
        "visible": true,
        "active": true
      },
      "U_DocType": {
        "visible": true,
        "active": true
      },
      "U_TraType": {
        "visible": true,
        "active": true
      },
      "U_DelRemarks": {
        "visible": true,
        "active": true
      }
    },
    "matrixColumns": {
      "itemNo": {
        "visible": true,
        "active": true
      },
      "itemDescription": {
        "visible": true,
        "active": true
      },
      "unit": {
        "visible": true,
        "active": true
      },
      "openQty": {
        "visible": true,
        "active": true
      },
      "quantity": {
        "visible": true,
        "active": true
      },
      "balQty": {
        "visible": true,
        "active": true
      },
      "unitPrice": {
        "visible": true,
        "active": true
      },
      "discountAmount": {
        "visible": true,
        "active": true
      },
      "amount": {
        "visible": true,
        "active": true
      },
      "netRate": {
        "visible": true,
        "active": true
      },
      "taxableAmount": {
        "visible": true,
        "active": true
      },
      "totalLC": {
        "visible": true,
        "active": true
      },
      "taxCode": {
        "visible": true,
        "active": true
      },
      "taxAmount": {
        "visible": true,
        "active": true
      },
      "rate": {
        "visible": true,
        "active": true
      },
      "commissionPercent": {
        "visible": true,
        "active": true
      },
      "commissionAmount": {
        "visible": true,
        "active": true
      },
      "stdDiscount": {
        "visible": true,
        "active": true
      },
      "countryOfOrigin": {
        "visible": true,
        "active": true
      },
      "loc": {
        "visible": true,
        "active": true
      },
      "commissionAmountPerTon": {
        "visible": true,
        "active": true
      },
      "hsnCode": {
        "visible": true,
        "active": true
      },
      "sacCode": {
        "visible": true,
        "active": true
      },
      "commissionBy": {
        "visible": true,
        "active": true
      },
      "sellerQuality": {
        "visible": false,
        "active": true
      },
      "buyerQuality": {
        "visible": false,
        "active": true
      },
      "sellerPrice": {
        "visible": false,
        "active": true
      },
      "buyerPrice": {
        "visible": false,
        "active": true
      },
      "buyerDelivery": {
        "visible": false,
        "active": true
      },
      "sellerDelivery": {
        "visible": false,
        "active": true
      },
      "sellerBrokerage": {
        "visible": false,
        "active": true
      },
      "buyerBrokerage": {
        "visible": false,
        "active": true
      },
      "sellerSpecialInstruction": {
        "visible": false,
        "active": true
      },
      "buyerSpecialInstruction": {
        "visible": false,
        "active": true
      },
      "deliveredQty": {
        "visible": false,
        "active": true
      },
      "whse": {
        "visible": false,
        "active": true
      },
      "sellerBrokerageAmtPer": {
        "visible": false,
        "active": true
      },
      "sellerBrokeragePercent": {
        "visible": false,
        "active": true
      },
      "buyerBillDiscount": {
        "visible": false,
        "active": true
      },
      "sellerBillDiscount": {
        "visible": false,
        "active": true
      },
      "stcode": {
        "visible": false,
        "active": true
      },
      "buyerPaymentTerms": {
        "visible": false,
        "active": true
      },
      "sellerPaymentTerms": {
        "visible": false,
        "active": true
      },
      "freightPurchase": {
        "visible": false,
        "active": true
      },
      "freightSales": {
        "visible": false,
        "active": true
      },
      "freightProvider": {
        "visible": false,
        "active": true
      },
      "freightProviderName": {
        "visible": false,
        "active": true
      },
      "documentCreated": {
        "visible": false,
        "active": true
      },
      "brokerageNumber": {
        "visible": false,
        "active": true
      },
      "uomCode": {
        "visible": false,
        "active": true
      },
      "distRule": {
        "visible": false,
        "active": true
      },
      "branch": {
        "visible": false,
        "active": true
      },
      "unitPriceRepeat": {
        "visible": false,
        "active": true
      },
      "specialRebate": {
        "visible": false,
        "active": true
      },
      "commission": {
        "visible": false,
        "active": true
      },
      "sellerBrokeragePerQty": {
        "visible": false,
        "active": true
      },
      "sellerItem": {
        "visible": false,
        "active": true
      },
      "sellerQty": {
        "visible": false,
        "active": true
      },
      "batch": {
        "visible": false,
        "active": true
      }
    },
    "rowUdfs": {
      "U_ItemCode": {
        "visible": false,
        "active": true
      },
      "U_Item_Desc": {
        "visible": false,
        "active": true
      },
      "U_UoM": {
        "visible": false,
        "active": true
      },
      "U_Order_Qty": {
        "visible": false,
        "active": true
      },
      "U_Rate": {
        "visible": false,
        "active": true
      },
      "U_Amount": {
        "visible": false,
        "active": true
      },
      "U_Disc_Rate": {
        "visible": false,
        "active": true
      },
      "U_Disc_Amount": {
        "visible": false,
        "active": true
      },
      "U_comby": {
        "visible": false,
        "active": true
      },
      "U_Loc": {
        "visible": false,
        "active": true
      },
      "U_Branch": {
        "visible": false,
        "active": true
      },
      "U_PackingStatus": {
        "visible": false,
        "active": true
      }
    }
  }
}
[DB] getDelivery - requested identifier: 4502, resolved DocEntry: 4502, Line rows found: 1
[DB] getDelivery - First line: {
  LineNum: 0,
  ItemCode: 'CFD',
  ItemDescription: 'Cattle feed branddry',
  Quantity: 10,
  UnitPrice: 100,
  DiscountPercent: 0,
  LineTotal: 1000,
  Warehouse: '01',
  OpenQuantity: 10,
  TaxCode: 'IGST12',
  LineTaxAmount: 120,
  UomFactor: 1,
  UoMEntry: -1,
  UoMCode: 'Manual',
  DistributionRule: '',
  FreeText: null,
  CountryOfOrigin: null,
  BaseEntry: null,
  BaseType: -1,
  BaseLine: null,
  HSNCode: '2302.10.10',
  BatchManaged: 'N',
  Branch: '',
  Loc: ''
}
[DB] getDelivery - requested identifier: 4502, resolved DocEntry: 4502, Line rows found: 1
[DB] getDelivery - First line: {
  LineNum: 0,
  ItemCode: 'CFD',
  ItemDescription: 'Cattle feed branddry',
  Quantity: 10,
  UnitPrice: 100,
  DiscountPercent: 0,
  LineTotal: 1000,
  Warehouse: '01',
  OpenQuantity: 10,
  TaxCode: 'IGST12',
  LineTaxAmount: 120,
  UomFactor: 1,
  UoMEntry: -1,
  UoMCode: 'Manual',
  DistributionRule: '',
  FreeText: null,
  CountryOfOrigin: null,
  BaseEntry: null,
  BaseType: -1,
  BaseLine: null,
  HSNCode: '2302.10.10',
  BatchManaged: 'N',
  Branch: '',
  Loc: ''
}
[POST] /api/document-print/delivery/print
Request body: {
  "docEntry": "4502",
  "docNum": "427",
  "schema": "DC_LiveDB",
  "docCode": "DLN20005",
  "layoutName": "Dispatch Advice"
}
[DocumentPrint] Starting document-key print {
  documentType: 'delivery',
  documentLabel: 'Delivery',
  tableName: 'ODLN',
  docEntry: '4502',
  docCode: 'DLN20005',
  series: '206',
  schema: 'DC_LiveDB',
  query: 'SELECT TOP 1 DocEntry, DocNum, CardCode, CardName FROM ODLN WHERE DocEntry = @docEntry',
  queryParameters: { docEntry: '4502' }
}
[ReportService] Document print parameters confirmed {
  documentLabel: 'Delivery',
  docEntry: '4502',
  docNum: '427',
  docCode: 'DLN20005',
  schema: 'DC_LiveDB',
  docKeySource: 'DocEntry',
  docKeyParameter: 'Dockey@',
  docKeyParameterValue: '4502'
}
[ReportService] Exporting Crystal document layout {
  docCode: 'DLN20005',
  reportCompanyDb: 'DC_LiveDB',
  layout: { docName: 'Dispatch Advice', typeCode: 'DLN2', category: 'C' },
  parameterPayload: [ { name: 'Dockey@', type: 'xsd:number', value: '4502' } ]
}
[PUT] /api/form-settings/sapb1.dcSalesOrder.formSettings.v2
Request body: {
  "settings": {
    "headerUdfs": {
      "U_CUSTNAM": {
        "visible": true,
        "active": true
      },
      "U_Freight": {
        "visible": true,
        "active": true
      },
      "U_TRNS": {
        "visible": true,
        "active": true
      },
      "U_DSTN": {
        "visible": true,
        "active": true
      },
      "U_DSTNADD": {
        "visible": true,
        "active": true
      },
      "U_FDSTN": {
        "visible": true,
        "active": true
      },
      "U_FDSTADD": {
        "visible": true,
        "active": true
      },
      "U_DOCTHR": {
        "visible": true,
        "active": true
      },
      "U_QRY": {
        "visible": true,
        "active": true
      },
      "U_RSLN": {
        "visible": true,
        "active": true
      },
      "U_QRYST": {
        "visible": true,
        "active": true
      },
      "U_LRNO": {
        "visible": true,
        "active": true
      },
      "U_LRDT": {
        "visible": true,
        "active": true
      },
      "U_VEHNO": {
        "visible": true,
        "active": true
      },
      "U_SCharge": {
        "visible": true,
        "active": true
      },
      "U_UOM": {
        "visible": true,
        "active": true
      },
      "U_Price": {
        "visible": true,
        "active": true
      },
      "U_SAmount": {
        "visible": true,
        "active": true
      },
      "U_TOS": {
        "visible": true,
        "active": true
      },
      "U_FromDate": {
        "visible": true,
        "active": true
      },
      "U_ToDate": {
        "visible": true,
        "active": true
      },
      "U_SalesValue": {
        "visible": true,
        "active": true
      },
      "U_VendorCode": {
        "visible": true,
        "active": true
      },
      "U_Bill_Party_Code": {
        "visible": true,
        "active": true
      },
      "U_Bill_PartyName": {
        "visible": true,
        "active": true
      },
      "U_Terms_of_Supply": {
        "visible": true,
        "active": true
      },
      "U_Payment": {
        "visible": true,
        "active": true
      },
      "U_Party_Address_Id": {
        "visible": true,
        "active": true
      },
      "U_Bill_Party_Address": {
        "visible": true,
        "active": true
      },
      "U_Party_Code": {
        "visible": true,
        "active": true
      },
      "U_Party_Name": {
        "visible": true,
        "active": true
      },
      "U_Address_ID_Party": {
        "visible": true,
        "active": true
      },
      "U_party_Address": {
        "visible": true,
        "active": true
      },
      "U_Invoice_No": {
        "visible": true,
        "active": true
      },
      "U_Invoice_Date": {
        "visible": true,
        "active": true
      },
      "U_Due_Date": {
        "visible": true,
        "active": true
      },
      "U_Amount": {
        "visible": true,
        "active": true
      },
      "U_Disp_Sch": {
        "visible": true,
        "active": true
      },
      "U_Contact_Id": {
        "visible": true,
        "active": true
      },
      "U_OL_IN": {
        "visible": true,
        "active": true
      },
      "U_Receipt_Amt": {
        "visible": true,
        "active": true
      },
      "U_B_FromDate": {
        "visible": true,
        "active": true
      },
      "U_B_ToDate": {
        "visible": true,
        "active": true
      },
      "U_Seller_Code": {
        "visible": true,
        "active": true
      },
      "U_Seller_Name": {
        "visible": true,
        "active": true
      },
      "U_Seller_AddressId": {
        "visible": true,
        "active": true
      },
      "U_Seller_Address": {
        "visible": true,
        "active": true
      },
      "U_Old_Soda_Nodh_No": {
        "visible": true,
        "active": true
      },
      "U_Old_Soda_Nodh_Date": {
        "visible": true,
        "active": true
      },
      "U_Canceled": {
        "visible": true,
        "active": true
      },
      "U_TrfId": {
        "visible": true,
        "active": true
      },
      "U_TrfName": {
        "visible": true,
        "active": true
      },
      "U_TrfVehi": {
        "visible": true,
        "active": true
      },
      "U_TrfDist": {
        "visible": true,
        "active": true
      },
      "U_TrfMode": {
        "visible": true,
        "active": true
      },
      "U_TrfVType": {
        "visible": true,
        "active": true
      },
      "U_AckNo": {
        "visible": true,
        "active": true
      },
      "U_AckDt": {
        "visible": true,
        "active": true
      },
      "U_CanDt": {
        "visible": true,
        "active": true
      },
      "U_QrCode": {
        "visible": true,
        "active": true
      },
      "U_SigInv": {
        "visible": true,
        "active": true
      },
      "U_EwbDt": {
        "visible": true,
        "active": true
      },
      "U_EwbVliDt": {
        "visible": true,
        "active": true
      },
      "U_EWayBCan": {
        "visible": true,
        "active": true
      },
      "U_TrfCode": {
        "visible": true,
        "active": true
      },
      "U_MultiVeh": {
        "visible": true,
        "active": true
      },
      "U_MultiVehPosted": {
        "visible": true,
        "active": true
      },
      "U_SubSuply": {
        "visible": true,
        "active": true
      },
      "U_DocType": {
        "visible": true,
        "active": true
      },
      "U_TraType": {
        "visible": true,
        "active": true
      },
      "U_DelRemarks": {
        "visible": true,
        "active": true
      }
    },
    "matrixColumns": {
      "itemNo": {
        "visible": true,
        "active": true
      },
      "itemDescription": {
        "visible": true,
        "active": true
      },
      "unit": {
        "visible": true,
        "active": true
      },
      "quantity": {
        "visible": true,
        "active": true
      },
      "unitPrice": {
        "visible": true,
        "active": true
      },
      "discountAmount": {
        "visible": true,
        "active": true
      },
      "amount": {
        "visible": true,
        "active": true
      },
      "netRate": {
        "visible": true,
        "active": true
      },
      "taxableAmount": {
        "visible": true,
        "active": true
      },
      "totalLC": {
        "visible": true,
        "active": true
      },
      "taxCode": {
        "visible": true,
        "active": true
      },
      "taxAmount": {
        "visible": true,
        "active": true
      },
      "stdDiscount": {
        "visible": true,
        "active": true
      },
      "commissionAmountPerTon": {
        "visible": true,
        "active": true
      },
      "commissionPercent": {
        "visible": true,
        "active": true
      },
      "commissionAmount": {
        "visible": true,
        "active": true
      },
      "openQty": {
        "visible": true,
        "active": true
      },
      "countryOfOrigin": {
        "visible": true,
        "active": true
      },
      "loc": {
        "visible": true,
        "active": true
      },
      "hsnCode": {
        "visible": true,
        "active": true
      },
      "sacCode": {
        "visible": true,
        "active": true
      },
      "sellerQuality": {
        "visible": false,
        "active": true
      },
      "buyerQuality": {
        "visible": false,
        "active": true
      },
      "sellerPrice": {
        "visible": false,
        "active": true
      },
      "buyerPrice": {
        "visible": false,
        "active": true
      },
      "sellerDelivery": {
        "visible": false,
        "active": true
      },
      "buyerDelivery": {
        "visible": false,
        "active": true
      },
      "sellerBrokerageAmtPer": {
        "visible": false,
        "active": true
      },
      "sellerBrokeragePercent": {
        "visible": false,
        "active": true
      },
      "sellerBrokerage": {
        "visible": false,
        "active": true
      },
      "buyerBrokerage": {
        "visible": false,
        "active": true
      },
      "qtySpecialInstruction": {
        "visible": false,
        "active": true
      },
      "deliverySpecialInstruction": {
        "visible": false,
        "active": true
      },
      "buyerBillDiscount": {
        "visible": false,
        "active": true
      },
      "sellerBillDiscount": {
        "visible": false,
        "active": true
      },
      "deliveredQty": {
        "visible": false,
        "active": true
      },
      "stcode": {
        "visible": false,
        "active": true
      },
      "whse": {
        "visible": false,
        "active": true
      },
      "distRule": {
        "visible": false,
        "active": true
      },
      "freeText": {
        "visible": false,
        "active": true
      },
      "uomCode": {
        "visible": false,
        "active": true
      },
      "uomName": {
        "visible": false,
        "active": true
      },
      "specialRebate": {
        "visible": false,
        "active": true
      },
      "commission": {
        "visible": false,
        "active": true
      },
      "sellerBrokeragePerQty": {
        "visible": false,
        "active": true
      },
      "buyerPaymentTerms": {
        "visible": false,
        "active": true
      },
      "sellerPaymentTerms": {
        "visible": false,
        "active": true
      },
      "freightPurchase": {
        "visible": false,
        "active": true
      },
      "freightSales": {
        "visible": false,
        "active": true
      },
      "freightProvider": {
        "visible": false,
        "active": true
      },
      "freightProviderName": {
        "visible": false,
        "active": true
      },
      "documentCreated": {
        "visible": false,
        "active": true
      },
      "brokerageNumber": {
        "visible": false,
        "active": true
      }
    },
    "rowUdfs": {
      "U_ItemCode": {
        "visible": false,
        "active": true
      },
      "U_Item_Desc": {
        "visible": false,
        "active": true
      },
      "U_UoM": {
        "visible": false,
        "active": true
      },
      "U_comby": {
        "visible": true,
        "active": true
      },
      "U_Loc": {
        "visible": true,
        "active": true
      },
      "U_Branch": {
        "visible": true,
        "active": true
      },
      "U_QcStatus": {
        "visible": true,
        "active": true
      },
      "U_Order_Qty": {
        "visible": true,
        "active": true
      },
      "U_Rate": {
        "visible": true,
        "active": true
      },
      "U_Amount": {
        "visible": true,
        "active": true
      },
      "U_Disc_Rate": {
        "visible": true,
        "active": true
      },
      "U_Disc_Amount": {
        "visible": true,
        "active": true
      }
    }
  }
}
[PUT] /api/form-settings/sapb1.dcDelivery.formSettings.v4
Request body: {
  "settings": {
    "headerUdfs": {
      "U_CUSTNAM": {
        "visible": true,
        "active": true
      },
      "U_Freight": {
        "visible": true,
        "active": true
      },
      "U_TRNS": {
        "visible": true,
        "active": true
      },
      "U_DSTN": {
        "visible": true,
        "active": true
      },
      "U_DSTNADD": {
        "visible": true,
        "active": true
      },
      "U_FDSTN": {
        "visible": true,
        "active": true
      },
      "U_FDSTADD": {
        "visible": true,
        "active": true
      },
      "U_DOCTHR": {
        "visible": true,
        "active": true
      },
      "U_QRY": {
        "visible": true,
        "active": true
      },
      "U_RSLN": {
        "visible": true,
        "active": true
      },
      "U_QRYST": {
        "visible": true,
        "active": true
      },
      "U_LRNO": {
        "visible": true,
        "active": true
      },
      "U_LRDT": {
        "visible": true,
        "active": true
      },
      "U_VEHNO": {
        "visible": true,
        "active": true
      },
      "U_SCharge": {
        "visible": true,
        "active": true
      },
      "U_UOM": {
        "visible": true,
        "active": true
      },
      "U_Price": {
        "visible": true,
        "active": true
      },
      "U_SAmount": {
        "visible": true,
        "active": true
      },
      "U_TOS": {
        "visible": true,
        "active": true
      },
      "U_FromDate": {
        "visible": true,
        "active": true
      },
      "U_ToDate": {
        "visible": true,
        "active": true
      },
      "U_SalesValue": {
        "visible": true,
        "active": true
      },
      "U_VendorCode": {
        "visible": true,
        "active": true
      },
      "U_Bill_Party_Code": {
        "visible": true,
        "active": true
      },
      "U_Bill_PartyName": {
        "visible": true,
        "active": true
      },
      "U_Terms_of_Supply": {
        "visible": true,
        "active": true
      },
      "U_Payment": {
        "visible": true,
        "active": true
      },
      "U_Party_Address_Id": {
        "visible": true,
        "active": true
      },
      "U_Bill_Party_Address": {
        "visible": true,
        "active": true
      },
      "U_Party_Code": {
        "visible": true,
        "active": true
      },
      "U_Party_Name": {
        "visible": true,
        "active": true
      },
      "U_Address_ID_Party": {
        "visible": true,
        "active": true
      },
      "U_party_Address": {
        "visible": true,
        "active": true
      },
      "U_Invoice_No": {
        "visible": true,
        "active": true
      },
      "U_Invoice_Date": {
        "visible": true,
        "active": true
      },
      "U_Due_Date": {
        "visible": true,
        "active": true
      },
      "U_Amount": {
        "visible": true,
        "active": true
      },
      "U_Disp_Sch": {
        "visible": true,
        "active": true
      },
      "U_Contact_Id": {
        "visible": true,
        "active": true
      },
      "U_OL_IN": {
        "visible": true,
        "active": true
      },
      "U_Receipt_Amt": {
        "visible": true,
        "active": true
      },
      "U_B_FromDate": {
        "visible": true,
        "active": true
      },
      "U_B_ToDate": {
        "visible": true,
        "active": true
      },
      "U_Seller_Code": {
        "visible": true,
        "active": true
      },
      "U_Seller_Name": {
        "visible": true,
        "active": true
      },
      "U_Seller_AddressId": {
        "visible": true,
        "active": true
      },
      "U_Seller_Address": {
        "visible": true,
        "active": true
      },
      "U_Old_Soda_Nodh_No": {
        "visible": true,
        "active": true
      },
      "U_Old_Soda_Nodh_Date": {
        "visible": true,
        "active": true
      },
      "U_Canceled": {
        "visible": true,
        "active": true
      },
      "U_TrfId": {
        "visible": true,
        "active": true
      },
      "U_TrfName": {
        "visible": true,
        "active": true
      },
      "U_TrfVehi": {
        "visible": true,
        "active": true
      },
      "U_TrfDist": {
        "visible": true,
        "active": true
      },
      "U_TrfMode": {
        "visible": true,
        "active": true
      },
      "U_TrfVType": {
        "visible": true,
        "active": true
      },
      "U_AckNo": {
        "visible": true,
        "active": true
      },
      "U_AckDt": {
        "visible": true,
        "active": true
      },
      "U_CanDt": {
        "visible": true,
        "active": true
      },
      "U_QrCode": {
        "visible": true,
        "active": true
      },
      "U_SigInv": {
        "visible": true,
        "active": true
      },
      "U_EwbDt": {
        "visible": true,
        "active": true
      },
      "U_EwbVliDt": {
        "visible": true,
        "active": true
      },
      "U_EWayBCan": {
        "visible": true,
        "active": true
      },
      "U_TrfCode": {
        "visible": true,
        "active": true
      },
      "U_MultiVeh": {
        "visible": true,
        "active": true
      },
      "U_MultiVehPosted": {
        "visible": true,
        "active": true
      },
      "U_SubSuply": {
        "visible": true,
        "active": true
      },
      "U_DocType": {
        "visible": true,
        "active": true
      },
      "U_TraType": {
        "visible": true,
        "active": true
      },
      "U_DelRemarks": {
        "visible": true,
        "active": true
      }
    },
    "matrixColumns": {
      "itemNo": {
        "visible": true,
        "active": true
      },
      "itemDescription": {
        "visible": true,
        "active": true
      },
      "unit": {
        "visible": true,
        "active": true
      },
      "openQty": {
        "visible": true,
        "active": true
      },
      "quantity": {
        "visible": true,
        "active": true
      },
      "balQty": {
        "visible": true,
        "active": true
      },
      "unitPrice": {
        "visible": true,
        "active": true
      },
      "discountAmount": {
        "visible": true,
        "active": true
      },
      "amount": {
        "visible": true,
        "active": true
      },
      "netRate": {
        "visible": true,
        "active": true
      },
      "taxableAmount": {
        "visible": true,
        "active": true
      },
      "totalLC": {
        "visible": true,
        "active": true
      },
      "taxCode": {
        "visible": true,
        "active": true
      },
      "taxAmount": {
        "visible": true,
        "active": true
      },
      "rate": {
        "visible": true,
        "active": true
      },
      "commissionPercent": {
        "visible": true,
        "active": true
      },
      "commissionAmount": {
        "visible": true,
        "active": true
      },
      "stdDiscount": {
        "visible": true,
        "active": true
      },
      "countryOfOrigin": {
        "visible": true,
        "active": true
      },
      "loc": {
        "visible": true,
        "active": true
      },
      "commissionAmountPerTon": {
        "visible": true,
        "active": true
      },
      "hsnCode": {
        "visible": true,
        "active": true
      },
      "sacCode": {
        "visible": true,
        "active": true
      },
      "commissionBy": {
        "visible": true,
        "active": true
      },
      "sellerQuality": {
        "visible": false,
        "active": true
      },
      "buyerQuality": {
        "visible": false,
        "active": true
      },
      "sellerPrice": {
        "visible": false,
        "active": true
      },
      "buyerPrice": {
        "visible": false,
        "active": true
      },
      "buyerDelivery": {
        "visible": false,
        "active": true
      },
      "sellerDelivery": {
        "visible": false,
        "active": true
      },
      "sellerBrokerage": {
        "visible": false,
        "active": true
      },
      "buyerBrokerage": {
        "visible": false,
        "active": true
      },
      "sellerSpecialInstruction": {
        "visible": false,
        "active": true
      },
      "buyerSpecialInstruction": {
        "visible": false,
        "active": true
      },
      "deliveredQty": {
        "visible": false,
        "active": true
      },
      "whse": {
        "visible": false,
        "active": true
      },
      "sellerBrokerageAmtPer": {
        "visible": false,
        "active": true
      },
      "sellerBrokeragePercent": {
        "visible": false,
        "active": true
      },
      "buyerBillDiscount": {
        "visible": false,
        "active": true
      },
      "sellerBillDiscount": {
        "visible": false,
        "active": true
      },
      "stcode": {
        "visible": false,
        "active": true
      },
      "buyerPaymentTerms": {
        "visible": false,
        "active": true
      },
      "sellerPaymentTerms": {
        "visible": false,
        "active": true
      },
      "freightPurchase": {
        "visible": false,
        "active": true
      },
      "freightSales": {
        "visible": false,
        "active": true
      },
      "freightProvider": {
        "visible": false,
        "active": true
      },
      "freightProviderName": {
        "visible": false,
        "active": true
      },
      "documentCreated": {
        "visible": false,
        "active": true
      },
      "brokerageNumber": {
        "visible": false,
        "active": true
      },
      "uomCode": {
        "visible": false,
        "active": true
      },
      "distRule": {
        "visible": false,
        "active": true
      },
      "branch": {
        "visible": false,
        "active": true
      },
      "unitPriceRepeat": {
        "visible": false,
        "active": true
      },
      "specialRebate": {
        "visible": false,
        "active": true
      },
      "commission": {
        "visible": false,
        "active": true
      },
      "sellerBrokeragePerQty": {
        "visible": false,
        "active": true
      },
      "sellerItem": {
        "visible": false,
        "active": true
      },
      "sellerQty": {
        "visible": false,
        "active": true
      },
      "batch": {
        "visible": false,
        "active": true
      }
    },
    "rowUdfs": {
      "U_ItemCode": {
        "visible": false,
        "active": true
      },
      "U_Item_Desc": {
        "visible": false,
        "active": true
      },
      "U_UoM": {
        "visible": false,
        "active": true
      },
      "U_Order_Qty": {
        "visible": false,
        "active": true
      },
      "U_Rate": {
        "visible": false,
        "active": true
      },
      "U_Amount": {
        "visible": false,
        "active": true
      },
      "U_Disc_Rate": {
        "visible": false,
        "active": true
      },
      "U_Disc_Amount": {
        "visible": false,
        "active": true
      },
      "U_comby": {
        "visible": false,
        "active": true
      },
      "U_Loc": {
        "visible": false,
        "active": true
      },
      "U_Branch": {
        "visible": false,
        "active": true
      },
      "U_PackingStatus": {
        "visible": false,
        "active": true
      }
    }
  }
}
[PUT] /api/form-settings/sapb1.dcSalesOrder.formSettings.v2
Request body: {
  "settings": {
    "headerUdfs": {
      "U_CUSTNAM": {
        "visible": true,
        "active": true
      },
      "U_Freight": {
        "visible": true,
        "active": true
      },
      "U_TRNS": {
        "visible": true,
        "active": true
      },
      "U_DSTN": {
        "visible": true,
        "active": true
      },
      "U_DSTNADD": {
        "visible": true,
        "active": true
      },
      "U_FDSTN": {
        "visible": true,
        "active": true
      },
      "U_FDSTADD": {
        "visible": true,
        "active": true
      },
      "U_DOCTHR": {
        "visible": true,
        "active": true
      },
      "U_QRY": {
        "visible": true,
        "active": true
      },
      "U_RSLN": {
        "visible": true,
        "active": true
      },
      "U_QRYST": {
        "visible": true,
        "active": true
      },
      "U_LRNO": {
        "visible": true,
        "active": true
      },
      "U_LRDT": {
        "visible": true,
        "active": true
      },
      "U_VEHNO": {
        "visible": true,
        "active": true
      },
      "U_SCharge": {
        "visible": true,
        "active": true
      },
      "U_UOM": {
        "visible": true,
        "active": true
      },
      "U_Price": {
        "visible": true,
        "active": true
      },
      "U_SAmount": {
        "visible": true,
        "active": true
      },
      "U_TOS": {
        "visible": true,
        "active": true
      },
      "U_FromDate": {
        "visible": true,
        "active": true
      },
      "U_ToDate": {
        "visible": true,
        "active": true
      },
      "U_SalesValue": {
        "visible": true,
        "active": true
      },
      "U_VendorCode": {
        "visible": true,
        "active": true
      },
      "U_Bill_Party_Code": {
        "visible": true,
        "active": true
      },
      "U_Bill_PartyName": {
        "visible": true,
        "active": true
      },
      "U_Terms_of_Supply": {
        "visible": true,
        "active": true
      },
      "U_Payment": {
        "visible": true,
        "active": true
      },
      "U_Party_Address_Id": {
        "visible": true,
        "active": true
      },
      "U_Bill_Party_Address": {
        "visible": true,
        "active": true
      },
      "U_Party_Code": {
        "visible": true,
        "active": true
      },
      "U_Party_Name": {
        "visible": true,
        "active": true
      },
      "U_Address_ID_Party": {
        "visible": true,
        "active": true
      },
      "U_party_Address": {
        "visible": true,
        "active": true
      },
      "U_Invoice_No": {
        "visible": true,
        "active": true
      },
      "U_Invoice_Date": {
        "visible": true,
        "active": true
      },
      "U_Due_Date": {
        "visible": true,
        "active": true
      },
      "U_Amount": {
        "visible": true,
        "active": true
      },
      "U_Disp_Sch": {
        "visible": true,
        "active": true
      },
      "U_Contact_Id": {
        "visible": true,
        "active": true
      },
      "U_OL_IN": {
        "visible": true,
        "active": true
      },
      "U_Receipt_Amt": {
        "visible": true,
        "active": true
      },
      "U_B_FromDate": {
        "visible": true,
        "active": true
      },
      "U_B_ToDate": {
        "visible": true,
        "active": true
      },
      "U_Seller_Code": {
        "visible": true,
        "active": true
      },
      "U_Seller_Name": {
        "visible": true,
        "active": true
      },
      "U_Seller_AddressId": {
        "visible": true,
        "active": true
      },
      "U_Seller_Address": {
        "visible": true,
        "active": true
      },
      "U_Old_Soda_Nodh_No": {
        "visible": true,
        "active": true
      },
      "U_Old_Soda_Nodh_Date": {
        "visible": true,
        "active": true
      },
      "U_Canceled": {
        "visible": true,
        "active": true
      },
      "U_TrfId": {
        "visible": true,
        "active": true
      },
      "U_TrfName": {
        "visible": true,
        "active": true
      },
      "U_TrfVehi": {
        "visible": true,
        "active": true
      },
      "U_TrfDist": {
        "visible": true,
        "active": true
      },
      "U_TrfMode": {
        "visible": true,
        "active": true
      },
      "U_TrfVType": {
        "visible": true,
        "active": true
      },
      "U_AckNo": {
        "visible": true,
        "active": true
      },
      "U_AckDt": {
        "visible": true,
        "active": true
      },
      "U_CanDt": {
        "visible": true,
        "active": true
      },
      "U_QrCode": {
        "visible": true,
        "active": true
      },
      "U_SigInv": {
        "visible": true,
        "active": true
      },
      "U_EwbDt": {
        "visible": true,
        "active": true
      },
      "U_EwbVliDt": {
        "visible": true,
        "active": true
      },
      "U_EWayBCan": {
        "visible": true,
        "active": true
      },
      "U_TrfCode": {
        "visible": true,
        "active": true
      },
      "U_MultiVeh": {
        "visible": true,
        "active": true
      },
      "U_MultiVehPosted": {
        "visible": true,
        "active": true
      },
      "U_SubSuply": {
        "visible": true,
        "active": true
      },
      "U_DocType": {
        "visible": true,
        "active": true
      },
      "U_TraType": {
        "visible": true,
        "active": true
      },
      "U_DelRemarks": {
        "visible": true,
        "active": true
      }
    },
    "matrixColumns": {
      "itemNo": {
        "visible": true,
        "active": true
      },
      "itemDescription": {
        "visible": true,
        "active": true
      },
      "unit": {
        "visible": true,
        "active": true
      },
      "quantity": {
        "visible": true,
        "active": true
      },
      "unitPrice": {
        "visible": true,
        "active": true
      },
      "discountAmount": {
        "visible": true,
        "active": true
      },
      "amount": {
        "visible": true,
        "active": true
      },
      "netRate": {
        "visible": true,
        "active": true
      },
      "taxableAmount": {
        "visible": true,
        "active": true
      },
      "totalLC": {
        "visible": true,
        "active": true
      },
      "taxCode": {
        "visible": true,
        "active": true
      },
      "taxAmount": {
        "visible": true,
        "active": true
      },
      "stdDiscount": {
        "visible": true,
        "active": true
      },
      "commissionAmountPerTon": {
        "visible": true,
        "active": true
      },
      "commissionPercent": {
        "visible": true,
        "active": true
      },
      "commissionAmount": {
        "visible": true,
        "active": true
      },
      "openQty": {
        "visible": true,
        "active": true
      },
      "countryOfOrigin": {
        "visible": true,
        "active": true
      },
      "loc": {
        "visible": true,
        "active": true
      },
      "hsnCode": {
        "visible": true,
        "active": true
      },
      "sacCode": {
        "visible": true,
        "active": true
      },
      "sellerQuality": {
        "visible": false,
        "active": true
      },
      "buyerQuality": {
        "visible": false,
        "active": true
      },
      "sellerPrice": {
        "visible": false,
        "active": true
      },
      "buyerPrice": {
        "visible": false,
        "active": true
      },
      "sellerDelivery": {
        "visible": false,
        "active": true
      },
      "buyerDelivery": {
        "visible": false,
        "active": true
      },
      "sellerBrokerageAmtPer": {
        "visible": false,
        "active": true
      },
      "sellerBrokeragePercent": {
        "visible": false,
        "active": true
      },
      "sellerBrokerage": {
        "visible": false,
        "active": true
      },
      "buyerBrokerage": {
        "visible": false,
        "active": true
      },
      "qtySpecialInstruction": {
        "visible": false,
        "active": true
      },
      "deliverySpecialInstruction": {
        "visible": false,
        "active": true
      },
      "buyerBillDiscount": {
        "visible": false,
        "active": true
      },
      "sellerBillDiscount": {
        "visible": false,
        "active": true
      },
      "deliveredQty": {
        "visible": false,
        "active": true
      },
      "stcode": {
        "visible": false,
        "active": true
      },
      "whse": {
        "visible": false,
        "active": true
      },
      "distRule": {
        "visible": false,
        "active": true
      },
      "freeText": {
        "visible": false,
        "active": true
      },
      "uomCode": {
        "visible": false,
        "active": true
      },
      "uomName": {
        "visible": false,
        "active": true
      },
      "specialRebate": {
        "visible": false,
        "active": true
      },
      "commission": {
        "visible": false,
        "active": true
      },
      "sellerBrokeragePerQty": {
        "visible": false,
        "active": true
      },
      "buyerPaymentTerms": {
        "visible": false,
        "active": true
      },
      "sellerPaymentTerms": {
        "visible": false,
        "active": true
      },
      "freightPurchase": {
        "visible": false,
        "active": true
      },
      "freightSales": {
        "visible": false,
        "active": true
      },
      "freightProvider": {
        "visible": false,
        "active": true
      },
      "freightProviderName": {
        "visible": false,
        "active": true
      },
      "documentCreated": {
        "visible": false,
        "active": true
      },
      "brokerageNumber": {
        "visible": false,
        "active": true
      }
    },
    "rowUdfs": {
      "U_ItemCode": {
        "visible": false,
        "active": true
      },
      "U_Item_Desc": {
        "visible": false,
        "active": true
      },
      "U_UoM": {
        "visible": false,
        "active": true
      },
      "U_comby": {
        "visible": true,
        "active": true
      },
      "U_Loc": {
        "visible": true,
        "active": true
      },
      "U_Branch": {
        "visible": true,
        "active": true
      },
      "U_QcStatus": {
        "visible": true,
        "active": true
      },
      "U_Order_Qty": {
        "visible": true,
        "active": true
      },
      "U_Rate": {
        "visible": true,
        "active": true
      },
      "U_Amount": {
        "visible": true,
        "active": true
      },
      "U_Disc_Rate": {
        "visible": true,
        "active": true
      },
      "U_Disc_Amount": {
        "visible": true,
        "active": true
      }
    }
  }
}
  - salesEmployee (SlpCode): -1
  - purchaser (SlpName): -No Sales Employee / Buyer-
  - owner (OwnerName): 
  - freight: 
  - remarks: 
  - otherInstruction: 
  - salesEmployee (SlpCode): -1
  - purchaser (SlpName): -No Sales Employee / Buyer-
  - owner (OwnerName): 
  - freight: 
  - remarks: 
  - otherInstruction: 
[PUT] /api/form-settings/sapb1.dcSalesOrder.formSettings.v2
Request body: {
  "settings": {
    "headerUdfs": {
      "U_CUSTNAM": {
        "visible": true,
        "active": true
      },
      "U_Freight": {
        "visible": true,
        "active": true
      },
      "U_TRNS": {
        "visible": true,
        "active": true
      },
      "U_DSTN": {
        "visible": true,
        "active": true
      },
      "U_DSTNADD": {
        "visible": true,
        "active": true
      },
      "U_FDSTN": {
        "visible": true,
        "active": true
      },
      "U_FDSTADD": {
        "visible": true,
        "active": true
      },
      "U_DOCTHR": {
        "visible": true,
        "active": true
      },
      "U_QRY": {
        "visible": true,
        "active": true
      },
      "U_RSLN": {
        "visible": true,
        "active": true
      },
      "U_QRYST": {
        "visible": true,
        "active": true
      },
      "U_LRNO": {
        "visible": true,
        "active": true
      },
      "U_LRDT": {
        "visible": true,
        "active": true
      },
      "U_VEHNO": {
        "visible": true,
        "active": true
      },
      "U_SCharge": {
        "visible": true,
        "active": true
      },
      "U_UOM": {
        "visible": true,
        "active": true
      },
      "U_Price": {
        "visible": true,
        "active": true
      },
      "U_SAmount": {
        "visible": true,
        "active": true
      },
      "U_TOS": {
        "visible": true,
        "active": true
      },
      "U_FromDate": {
        "visible": true,
        "active": true
      },
      "U_ToDate": {
        "visible": true,
        "active": true
      },
      "U_SalesValue": {
        "visible": true,
        "active": true
      },
      "U_VendorCode": {
        "visible": true,
        "active": true
      },
      "U_Bill_Party_Code": {
        "visible": true,
        "active": true
      },
      "U_Bill_PartyName": {
        "visible": true,
        "active": true
      },
      "U_Terms_of_Supply": {
        "visible": true,
        "active": true
      },
      "U_Payment": {
        "visible": true,
        "active": true
      },
      "U_Party_Address_Id": {
        "visible": true,
        "active": true
      },
      "U_Bill_Party_Address": {
        "visible": true,
        "active": true
      },
      "U_Party_Code": {
        "visible": true,
        "active": true
      },
      "U_Party_Name": {
        "visible": true,
        "active": true
      },
      "U_Address_ID_Party": {
        "visible": true,
        "active": true
      },
      "U_party_Address": {
        "visible": true,
        "active": true
      },
      "U_Invoice_No": {
        "visible": true,
        "active": true
      },
      "U_Invoice_Date": {
        "visible": true,
        "active": true
      },
      "U_Due_Date": {
        "visible": true,
        "active": true
      },
      "U_Amount": {
        "visible": true,
        "active": true
      },
      "U_Disp_Sch": {
        "visible": true,
        "active": true
      },
      "U_Contact_Id": {
        "visible": true,
        "active": true
      },
      "U_OL_IN": {
        "visible": true,
        "active": true
      },
      "U_Receipt_Amt": {
        "visible": true,
        "active": true
      },
      "U_B_FromDate": {
        "visible": true,
        "active": true
      },
      "U_B_ToDate": {
        "visible": true,
        "active": true
      },
      "U_Seller_Code": {
        "visible": true,
        "active": true
      },
      "U_Seller_Name": {
        "visible": true,
        "active": true
      },
      "U_Seller_AddressId": {
        "visible": true,
        "active": true
      },
      "U_Seller_Address": {
        "visible": true,
        "active": true
      },
      "U_Old_Soda_Nodh_No": {
        "visible": true,
        "active": true
      },
      "U_Old_Soda_Nodh_Date": {
        "visible": true,
        "active": true
      },
      "U_Canceled": {
        "visible": true,
        "active": true
      },
      "U_TrfId": {
        "visible": true,
        "active": true
      },
      "U_TrfName": {
        "visible": true,
        "active": true
      },
      "U_TrfVehi": {
        "visible": true,
        "active": true
      },
      "U_TrfDist": {
        "visible": true,
        "active": true
      },
      "U_TrfMode": {
        "visible": true,
        "active": true
      },
      "U_TrfVType": {
        "visible": true,
        "active": true
      },
      "U_AckNo": {
        "visible": true,
        "active": true
      },
      "U_AckDt": {
        "visible": true,
        "active": true
      },
      "U_CanDt": {
        "visible": true,
        "active": true
      },
      "U_QrCode": {
        "visible": true,
        "active": true
      },
      "U_SigInv": {
        "visible": true,
        "active": true
      },
      "U_EwbDt": {
        "visible": true,
        "active": true
      },
      "U_EwbVliDt": {
        "visible": true,
        "active": true
      },
      "U_EWayBCan": {
        "visible": true,
        "active": true
      },
      "U_TrfCode": {
        "visible": true,
        "active": true
      },
      "U_MultiVeh": {
        "visible": true,
        "active": true
      },
      "U_MultiVehPosted": {
        "visible": true,
        "active": true
      },
      "U_SubSuply": {
        "visible": true,
        "active": true
      },
      "U_DocType": {
        "visible": true,
        "active": true
      },
      "U_TraType": {
        "visible": true,
        "active": true
      },
      "U_DelRemarks": {
        "visible": true,
        "active": true
      }
    },
    "matrixColumns": {
      "itemNo": {
        "visible": true,
        "active": true
      },
      "itemDescription": {
        "visible": true,
        "active": true
      },
      "unit": {
        "visible": true,
        "active": true
      },
      "quantity": {
        "visible": true,
        "active": true
      },
      "unitPrice": {
        "visible": true,
        "active": true
      },
      "discountAmount": {
        "visible": true,
        "active": true
      },
      "amount": {
        "visible": true,
        "active": true
      },
      "netRate": {
        "visible": true,
        "active": true
      },
      "taxableAmount": {
        "visible": true,
        "active": true
      },
      "totalLC": {
        "visible": true,
        "active": true
      },
      "taxCode": {
        "visible": true,
        "active": true
      },
      "taxAmount": {
        "visible": true,
        "active": true
      },
      "stdDiscount": {
        "visible": true,
        "active": true
      },
      "commissionAmountPerTon": {
        "visible": true,
        "active": true
      },
      "commissionPercent": {
        "visible": true,
        "active": true
      },
      "commissionAmount": {
        "visible": true,
        "active": true
      },
      "openQty": {
        "visible": true,
        "active": true
      },
      "countryOfOrigin": {
        "visible": true,
        "active": true
      },
      "loc": {
        "visible": true,
        "active": true
      },
      "hsnCode": {
        "visible": true,
        "active": true
      },
      "sacCode": {
        "visible": true,
        "active": true
      },
      "sellerQuality": {
        "visible": false,
        "active": true
      },
      "buyerQuality": {
        "visible": false,
        "active": true
      },
      "sellerPrice": {
        "visible": false,
        "active": true
      },
      "buyerPrice": {
        "visible": false,
        "active": true
      },
      "sellerDelivery": {
        "visible": false,
        "active": true
      },
      "buyerDelivery": {
        "visible": false,
        "active": true
      },
      "sellerBrokerageAmtPer": {
        "visible": false,
        "active": true
      },
      "sellerBrokeragePercent": {
        "visible": false,
        "active": true
      },
      "sellerBrokerage": {
        "visible": false,
        "active": true
      },
      "buyerBrokerage": {
        "visible": false,
        "active": true
      },
      "qtySpecialInstruction": {
        "visible": false,
        "active": true
      },
      "deliverySpecialInstruction": {
        "visible": false,
        "active": true
      },
      "buyerBillDiscount": {
        "visible": false,
        "active": true
      },
      "sellerBillDiscount": {
        "visible": false,
        "active": true
      },
      "deliveredQty": {
        "visible": false,
        "active": true
      },
      "stcode": {
        "visible": false,
        "active": true
      },
      "whse": {
        "visible": false,
        "active": true
      },
      "distRule": {
        "visible": false,
        "active": true
      },
      "freeText": {
        "visible": false,
        "active": true
      },
      "uomCode": {
        "visible": false,
        "active": true
      },
      "uomName": {
        "visible": false,
        "active": true
      },
      "specialRebate": {
        "visible": false,
        "active": true
      },
      "commission": {
        "visible": false,
        "active": true
      },
      "sellerBrokeragePerQty": {
        "visible": false,
        "active": true
      },
      "buyerPaymentTerms": {
        "visible": false,
        "active": true
      },
      "sellerPaymentTerms": {
        "visible": false,
        "active": true
      },
      "freightPurchase": {
        "visible": false,
        "active": true
      },
      "freightSales": {
        "visible": false,
        "active": true
      },
      "freightProvider": {
        "visible": false,
        "active": true
      },
      "freightProviderName": {
        "visible": false,
        "active": true
      },
      "documentCreated": {
        "visible": false,
        "active": true
      },
      "brokerageNumber": {
        "visible": false,
        "active": true
      }
    },
    "rowUdfs": {
      "U_ItemCode": {
        "visible": false,
        "active": true
      },
      "U_Item_Desc": {
        "visible": false,
        "active": true
      },
      "U_UoM": {
        "visible": false,
        "active": true
      },
      "U_comby": {
        "visible": true,
        "active": true
      },
      "U_Loc": {
        "visible": true,
        "active": true
      },
      "U_Branch": {
        "visible": true,
        "active": true
      },
      "U_QcStatus": {
        "visible": true,
        "active": true
      },
      "U_Order_Qty": {
        "visible": true,
        "active": true
      },
      "U_Rate": {
        "visible": true,
        "active": true
      },
      "U_Amount": {
        "visible": true,
        "active": true
      },
      "U_Disc_Rate": {
        "visible": true,
        "active": true
      },
      "U_Disc_Amount": {
        "visible": true,
        "active": true
      }
    }
  }
}
[POST] /api/document-print/salesOrder/print
Request body: {
  "docEntry": "3588",
  "docNum": "221",
  "series": "207",
  "schema": "DC_LiveDB",
  "cardCode": "00035",
  "docCode": "RDR20007",
  "layoutName": "Sales Order VE#"
}
[DocumentPrint] Synced sales order Crystal print UDFs { docEntry: '3588', rowsAffected: [ 1 ] }
[DocumentPrint] Starting document-key print {
  documentType: 'salesOrder',
  documentLabel: 'Sales Order',
  tableName: 'ORDR',
  docEntry: '3588',
  docCode: 'RDR20007',
  series: '207',
  schema: 'DC_LiveDB',
  query: 'SELECT TOP 1 DocEntry, DocNum, CardCode, CardName FROM ORDR WHERE DocEntry = @docEntry',
  queryParameters: { docEntry: '3588' }
}
[ReportService] Document print parameters confirmed {
  documentLabel: 'Sales Order',
  docEntry: '3588',
  docNum: '221',
  docCode: 'RDR20007',
  schema: 'DC_LiveDB',
  docKeySource: 'DocEntry',
  docKeyParameter: 'DocKey@',
  docKeyParameterValue: '3588'
}
[ReportService] Exporting Crystal document layout {
  docCode: 'RDR20007',
  reportCompanyDb: 'DC_LiveDB',
  layout: { docName: 'Sales Order VE#', typeCode: 'RDR2', category: 'C' },
  parameterPayload: [ { name: 'DocKey@', type: 'xsd:number', value: '3588' } ]
}
[PUT] /api/form-settings/sapb1.dcSalesOrder.formSettings.v2
Request body: {
  "settings": {
    "headerUdfs": {
      "U_CUSTNAM": {
        "visible": true,
        "active": true
      },
      "U_Freight": {
        "visible": true,
        "active": true
      },
      "U_TRNS": {
        "visible": true,
        "active": true
      },
      "U_DSTN": {
        "visible": true,
        "active": true
      },
      "U_DSTNADD": {
        "visible": true,
        "active": true
      },
      "U_FDSTN": {
        "visible": true,
        "active": true
      },
      "U_FDSTADD": {
        "visible": true,
        "active": true
      },
      "U_DOCTHR": {
        "visible": true,
        "active": true
      },
      "U_QRY": {
        "visible": true,
        "active": true
      },
      "U_RSLN": {
        "visible": true,
        "active": true
      },
      "U_QRYST": {
        "visible": true,
        "active": true
      },
      "U_LRNO": {
        "visible": true,
        "active": true
      },
      "U_LRDT": {
        "visible": true,
        "active": true
      },
      "U_VEHNO": {
        "visible": true,
        "active": true
      },
      "U_SCharge": {
        "visible": true,
        "active": true
      },
      "U_UOM": {
        "visible": true,
        "active": true
      },
      "U_Price": {
        "visible": true,
        "active": true
      },
      "U_SAmount": {
        "visible": true,
        "active": true
      },
      "U_TOS": {
        "visible": true,
        "active": true
      },
      "U_FromDate": {
        "visible": true,
        "active": true
      },
      "U_ToDate": {
        "visible": true,
        "active": true
      },
      "U_SalesValue": {
        "visible": true,
        "active": true
      },
      "U_VendorCode": {
        "visible": true,
        "active": true
      },
      "U_Bill_Party_Code": {
        "visible": true,
        "active": true
      },
      "U_Bill_PartyName": {
        "visible": true,
        "active": true
      },
      "U_Terms_of_Supply": {
        "visible": true,
        "active": true
      },
      "U_Payment": {
        "visible": true,
        "active": true
      },
      "U_Party_Address_Id": {
        "visible": true,
        "active": true
      },
      "U_Bill_Party_Address": {
        "visible": true,
        "active": true
      },
      "U_Party_Code": {
        "visible": true,
        "active": true
      },
      "U_Party_Name": {
        "visible": true,
        "active": true
      },
      "U_Address_ID_Party": {
        "visible": true,
        "active": true
      },
      "U_party_Address": {
        "visible": true,
        "active": true
      },
      "U_Invoice_No": {
        "visible": true,
        "active": true
      },
      "U_Invoice_Date": {
        "visible": true,
        "active": true
      },
      "U_Due_Date": {
        "visible": true,
        "active": true
      },
      "U_Amount": {
        "visible": true,
        "active": true
      },
      "U_Disp_Sch": {
        "visible": true,
        "active": true
      },
      "U_Contact_Id": {
        "visible": true,
        "active": true
      },
      "U_OL_IN": {
        "visible": true,
        "active": true
      },
      "U_Receipt_Amt": {
        "visible": true,
        "active": true
      },
      "U_B_FromDate": {
        "visible": true,
        "active": true
      },
      "U_B_ToDate": {
        "visible": true,
        "active": true
      },
      "U_Seller_Code": {
        "visible": true,
        "active": true
      },
      "U_Seller_Name": {
        "visible": true,
        "active": true
      },
      "U_Seller_AddressId": {
        "visible": true,
        "active": true
      },
      "U_Seller_Address": {
        "visible": true,
        "active": true
      },
      "U_Old_Soda_Nodh_No": {
        "visible": true,
        "active": true
      },
      "U_Old_Soda_Nodh_Date": {
        "visible": true,
        "active": true
      },
      "U_Canceled": {
        "visible": true,
        "active": true
      },
      "U_TrfId": {
        "visible": true,
        "active": true
      },
      "U_TrfName": {
        "visible": true,
        "active": true
      },
      "U_TrfVehi": {
        "visible": true,
        "active": true
      },
      "U_TrfDist": {
        "visible": true,
        "active": true
      },
      "U_TrfMode": {
        "visible": true,
        "active": true
      },
      "U_TrfVType": {
        "visible": true,
        "active": true
      },
      "U_AckNo": {
        "visible": true,
        "active": true
      },
      "U_AckDt": {
        "visible": true,
        "active": true
      },
      "U_CanDt": {
        "visible": true,
        "active": true
      },
      "U_QrCode": {
        "visible": true,
        "active": true
      },
      "U_SigInv": {
        "visible": true,
        "active": true
      },
      "U_EwbDt": {
        "visible": true,
        "active": true
      },
      "U_EwbVliDt": {
        "visible": true,
        "active": true
      },
      "U_EWayBCan": {
        "visible": true,
        "active": true
      },
      "U_TrfCode": {
        "visible": true,
        "active": true
      },
      "U_MultiVeh": {
        "visible": true,
        "active": true
      },
      "U_MultiVehPosted": {
        "visible": true,
        "active": true
      },
      "U_SubSuply": {
        "visible": true,
        "active": true
      },
      "U_DocType": {
        "visible": true,
        "active": true
      },
      "U_TraType": {
        "visible": true,
        "active": true
      },
      "U_DelRemarks": {
        "visible": true,
        "active": true
      }
    },
    "matrixColumns": {
      "itemNo": {
        "visible": true,
        "active": true
      },
      "itemDescription": {
        "visible": true,
        "active": true
      },
      "unit": {
        "visible": true,
        "active": true
      },
      "quantity": {
        "visible": true,
        "active": true
      },
      "unitPrice": {
        "visible": true,
        "active": true
      },
      "discountAmount": {
        "visible": true,
        "active": true
      },
      "amount": {
        "visible": true,
        "active": true
      },
      "netRate": {
        "visible": true,
        "active": true
      },
      "taxableAmount": {
        "visible": true,
        "active": true
      },
      "totalLC": {
        "visible": true,
        "active": true
      },
      "taxCode": {
        "visible": true,
        "active": true
      },
      "taxAmount": {
        "visible": true,
        "active": true
      },
      "stdDiscount": {
        "visible": true,
        "active": true
      },
      "commissionAmountPerTon": {
        "visible": true,
        "active": true
      },
      "commissionPercent": {
        "visible": true,
        "active": true
      },
      "commissionAmount": {
        "visible": true,
        "active": true
      },
      "openQty": {
        "visible": true,
        "active": true
      },
      "countryOfOrigin": {
        "visible": true,
        "active": true
      },
      "loc": {
        "visible": true,
        "active": true
      },
      "hsnCode": {
        "visible": true,
        "active": true
      },
      "sacCode": {
        "visible": true,
        "active": true
      },
      "sellerQuality": {
        "visible": false,
        "active": true
      },
      "buyerQuality": {
        "visible": false,
        "active": true
      },
      "sellerPrice": {
        "visible": false,
        "active": true
      },
      "buyerPrice": {
        "visible": false,
        "active": true
      },
      "sellerDelivery": {
        "visible": false,
        "active": true
      },
      "buyerDelivery": {
        "visible": false,
        "active": true
      },
      "sellerBrokerageAmtPer": {
        "visible": false,
        "active": true
      },
      "sellerBrokeragePercent": {
        "visible": false,
        "active": true
      },
      "sellerBrokerage": {
        "visible": false,
        "active": true
      },
      "buyerBrokerage": {
        "visible": false,
        "active": true
      },
      "qtySpecialInstruction": {
        "visible": false,
        "active": true
      },
      "deliverySpecialInstruction": {
        "visible": false,
        "active": true
      },
      "buyerBillDiscount": {
        "visible": false,
        "active": true
      },
      "sellerBillDiscount": {
        "visible": false,
        "active": true
      },
      "deliveredQty": {
        "visible": false,
        "active": true
      },
      "stcode": {
        "visible": false,
        "active": true
      },
      "whse": {
        "visible": false,
        "active": true
      },
      "distRule": {
        "visible": false,
        "active": true
      },
      "freeText": {
        "visible": false,
        "active": true
      },
      "uomCode": {
        "visible": false,
        "active": true
      },
      "uomName": {
        "visible": false,
        "active": true
      },
      "specialRebate": {
        "visible": false,
        "active": true
      },
      "commission": {
        "visible": false,
        "active": true
      },
      "sellerBrokeragePerQty": {
        "visible": false,
        "active": true
      },
      "buyerPaymentTerms": {
        "visible": false,
        "active": true
      },
      "sellerPaymentTerms": {
        "visible": false,
        "active": true
      },
      "freightPurchase": {
        "visible": false,
        "active": true
      },
      "freightSales": {
        "visible": false,
        "active": true
      },
      "freightProvider": {
        "visible": false,
        "active": true
      },
      "freightProviderName": {
        "visible": false,
        "active": true
      },
      "documentCreated": {
        "visible": false,
        "active": true
      },
      "brokerageNumber": {
        "visible": false,
        "active": true
      }
    },
    "rowUdfs": {
      "U_ItemCode": {
        "visible": false,
        "active": true
      },
      "U_Item_Desc": {
        "visible": false,
        "active": true
      },
      "U_UoM": {
        "visible": false,
        "active": true
      },
      "U_comby": {
        "visible": true,
        "active": true
      },
      "U_Loc": {
        "visible": true,
        "active": true
      },
      "U_Branch": {
        "visible": true,
        "active": true
      },
      "U_QcStatus": {
        "visible": true,
        "active": true
      },
      "U_Order_Qty": {
        "visible": true,
        "active": true
      },
      "U_Rate": {
        "visible": true,
        "active": true
      },
      "U_Amount": {
        "visible": true,
        "active": true
      },
      "U_Disc_Rate": {
        "visible": true,
        "active": true
      },
      "U_Disc_Amount": {
        "visible": true,
        "active": true
      }
    }
  }
}
[PUT] /api/form-settings/sapb1.dcSalesOrder.formSettings.v2
Request body: {
  "settings": {
    "headerUdfs": {
      "U_CUSTNAM": {
        "visible": true,
        "active": true
      },
      "U_Freight": {
        "visible": true,
        "active": true
      },
      "U_TRNS": {
        "visible": true,
        "active": true
      },
      "U_DSTN": {
        "visible": true,
        "active": true
      },
      "U_DSTNADD": {
        "visible": true,
        "active": true
      },
      "U_FDSTN": {
        "visible": true,
        "active": true
      },
      "U_FDSTADD": {
        "visible": true,
        "active": true
      },
      "U_DOCTHR": {
        "visible": true,
        "active": true
      },
      "U_QRY": {
        "visible": true,
        "active": true
      },
      "U_RSLN": {
        "visible": true,
        "active": true
      },
      "U_QRYST": {
        "visible": true,
        "active": true
      },
      "U_LRNO": {
        "visible": true,
        "active": true
      },
      "U_LRDT": {
        "visible": true,
        "active": true
      },
      "U_VEHNO": {
        "visible": true,
        "active": true
      },
      "U_SCharge": {
        "visible": true,
        "active": true
      },
      "U_UOM": {
        "visible": true,
        "active": true
      },
      "U_Price": {
        "visible": true,
        "active": true
      },
      "U_SAmount": {
        "visible": true,
        "active": true
      },
      "U_TOS": {
        "visible": true,
        "active": true
      },
      "U_FromDate": {
        "visible": true,
        "active": true
      },
      "U_ToDate": {
        "visible": true,
        "active": true
      },
      "U_SalesValue": {
        "visible": true,
        "active": true
      },
      "U_VendorCode": {
        "visible": true,
        "active": true
      },
      "U_Bill_Party_Code": {
        "visible": true,
        "active": true
      },
      "U_Bill_PartyName": {
        "visible": true,
        "active": true
      },
      "U_Terms_of_Supply": {
        "visible": true,
        "active": true
      },
      "U_Payment": {
        "visible": true,
        "active": true
      },
      "U_Party_Address_Id": {
        "visible": true,
        "active": true
      },
      "U_Bill_Party_Address": {
        "visible": true,
        "active": true
      },
      "U_Party_Code": {
        "visible": true,
        "active": true
      },
      "U_Party_Name": {
        "visible": true,
        "active": true
      },
      "U_Address_ID_Party": {
        "visible": true,
        "active": true
      },
      "U_party_Address": {
        "visible": true,
        "active": true
      },
      "U_Invoice_No": {
        "visible": true,
        "active": true
      },
      "U_Invoice_Date": {
        "visible": true,
        "active": true
      },
      "U_Due_Date": {
        "visible": true,
        "active": true
      },
      "U_Amount": {
        "visible": true,
        "active": true
      },
      "U_Disp_Sch": {
        "visible": true,
        "active": true
      },
      "U_Contact_Id": {
        "visible": true,
        "active": true
      },
      "U_OL_IN": {
        "visible": true,
        "active": true
      },
      "U_Receipt_Amt": {
        "visible": true,
        "active": true
      },
      "U_B_FromDate": {
        "visible": true,
        "active": true
      },
      "U_B_ToDate": {
        "visible": true,
        "active": true
      },
      "U_Seller_Code": {
        "visible": true,
        "active": true
      },
      "U_Seller_Name": {
        "visible": true,
        "active": true
      },
      "U_Seller_AddressId": {
        "visible": true,
        "active": true
      },
      "U_Seller_Address": {
        "visible": true,
        "active": true
      },
      "U_Old_Soda_Nodh_No": {
        "visible": true,
        "active": true
      },
      "U_Old_Soda_Nodh_Date": {
        "visible": true,
        "active": true
      },
      "U_Canceled": {
        "visible": true,
        "active": true
      },
      "U_TrfId": {
        "visible": true,
        "active": true
      },
      "U_TrfName": {
        "visible": true,
        "active": true
      },
      "U_TrfVehi": {
        "visible": true,
        "active": true
      },
      "U_TrfDist": {
        "visible": true,
        "active": true
      },
      "U_TrfMode": {
        "visible": true,
        "active": true
      },
      "U_TrfVType": {
        "visible": true,
        "active": true
      },
      "U_AckNo": {
        "visible": true,
        "active": true
      },
      "U_AckDt": {
        "visible": true,
        "active": true
      },
      "U_CanDt": {
        "visible": true,
        "active": true
      },
      "U_QrCode": {
        "visible": true,
        "active": true
      },
      "U_SigInv": {
        "visible": true,
        "active": true
      },
      "U_EwbDt": {
        "visible": true,
        "active": true
      },
      "U_EwbVliDt": {
        "visible": true,
        "active": true
      },
      "U_EWayBCan": {
        "visible": true,
        "active": true
      },
      "U_TrfCode": {
        "visible": true,
        "active": true
      },
      "U_MultiVeh": {
        "visible": true,
        "active": true
      },
      "U_MultiVehPosted": {
        "visible": true,
        "active": true
      },
      "U_SubSuply": {
        "visible": true,
        "active": true
      },
      "U_DocType": {
        "visible": true,
        "active": true
      },
      "U_TraType": {
        "visible": true,
        "active": true
      },
      "U_DelRemarks": {
        "visible": true,
        "active": true
      }
    },
    "matrixColumns": {
      "itemNo": {
        "visible": true,
        "active": true
      },
      "itemDescription": {
        "visible": true,
        "active": true
      },
      "unit": {
        "visible": true,
        "active": true
      },
      "quantity": {
        "visible": true,
        "active": true
      },
      "unitPrice": {
        "visible": true,
        "active": true
      },
      "discountAmount": {
        "visible": true,
        "active": true
      },
      "amount": {
        "visible": true,
        "active": true
      },
      "netRate": {
        "visible": true,
        "active": true
      },
      "taxableAmount": {
        "visible": true,
        "active": true
      },
      "totalLC": {
        "visible": true,
        "active": true
      },
      "taxCode": {
        "visible": true,
        "active": true
      },
      "taxAmount": {
        "visible": true,
        "active": true
      },
      "stdDiscount": {
        "visible": true,
        "active": true
      },
      "commissionAmountPerTon": {
        "visible": true,
        "active": true
      },
      "commissionPercent": {
        "visible": true,
        "active": true
      },
      "commissionAmount": {
        "visible": true,
        "active": true
      },
      "openQty": {
        "visible": true,
        "active": true
      },
      "countryOfOrigin": {
        "visible": true,
        "active": true
      },
      "loc": {
        "visible": true,
        "active": true
      },
      "hsnCode": {
        "visible": true,
        "active": true
      },
      "sacCode": {
        "visible": true,
        "active": true
      },
      "sellerQuality": {
        "visible": false,
        "active": true
      },
      "buyerQuality": {
        "visible": false,
        "active": true
      },
      "sellerPrice": {
        "visible": false,
        "active": true
      },
      "buyerPrice": {
        "visible": false,
        "active": true
      },
      "sellerDelivery": {
        "visible": false,
        "active": true
      },
      "buyerDelivery": {
        "visible": false,
        "active": true
      },
      "sellerBrokerageAmtPer": {
        "visible": false,
        "active": true
      },
      "sellerBrokeragePercent": {
        "visible": false,
        "active": true
      },
      "sellerBrokerage": {
        "visible": false,
        "active": true
      },
      "buyerBrokerage": {
        "visible": false,
        "active": true
      },
      "qtySpecialInstruction": {
        "visible": false,
        "active": true
      },
      "deliverySpecialInstruction": {
        "visible": false,
        "active": true
      },
      "buyerBillDiscount": {
        "visible": false,
        "active": true
      },
      "sellerBillDiscount": {
        "visible": false,
        "active": true
      },
      "deliveredQty": {
        "visible": false,
        "active": true
      },
      "stcode": {
        "visible": false,
        "active": true
      },
      "whse": {
        "visible": false,
        "active": true
      },
      "distRule": {
        "visible": false,
        "active": true
      },
      "freeText": {
        "visible": false,
        "active": true
      },
      "uomCode": {
        "visible": false,
        "active": true
      },
      "uomName": {
        "visible": false,
        "active": true
      },
      "specialRebate": {
        "visible": false,
        "active": true
      },
      "commission": {
        "visible": false,
        "active": true
      },
      "sellerBrokeragePerQty": {
        "visible": false,
        "active": true
      },
      "buyerPaymentTerms": {
        "visible": false,
        "active": true
      },
      "sellerPaymentTerms": {
        "visible": false,
        "active": true
      },
      "freightPurchase": {
        "visible": false,
        "active": true
      },
      "freightSales": {
        "visible": false,
        "active": true
      },
      "freightProvider": {
        "visible": false,
        "active": true
      },
      "freightProviderName": {
        "visible": false,
        "active": true
      },
      "documentCreated": {
        "visible": false,
        "active": true
      },
      "brokerageNumber": {
        "visible": false,
        "active": true
      }
    },
    "rowUdfs": {
      "U_ItemCode": {
        "visible": false,
        "active": true
      },
      "U_Item_Desc": {
        "visible": false,
        "active": true
      },
      "U_UoM": {
        "visible": false,
        "active": true
      },
      "U_comby": {
        "visible": true,
        "active": true
      },
      "U_Loc": {
        "visible": true,
        "active": true
      },
      "U_Branch": {
        "visible": true,
        "active": true
      },
      "U_QcStatus": {
        "visible": true,
        "active": true
      },
      "U_Order_Qty": {
        "visible": true,
        "active": true
      },
      "U_Rate": {
        "visible": true,
        "active": true
      },
      "U_Amount": {
        "visible": true,
        "active": true
      },
      "U_Disc_Rate": {
        "visible": true,
        "active": true
      },
      "U_Disc_Amount": {
        "visible": true,
        "active": true
      }
    }
  }
}
[PUT] /api/form-settings/sapb1.dcSalesOrder.formSettings.v2
Request body: {
  "settings": {
    "headerUdfs": {
      "U_CUSTNAM": {
        "visible": true,
        "active": true
      },
      "U_Freight": {
        "visible": true,
        "active": true
      },
      "U_TRNS": {
        "visible": true,
        "active": true
      },
      "U_DSTN": {
        "visible": true,
        "active": true
      },
      "U_DSTNADD": {
        "visible": true,
        "active": true
      },
      "U_FDSTN": {
        "visible": true,
        "active": true
      },
      "U_FDSTADD": {
        "visible": true,
        "active": true
      },
      "U_DOCTHR": {
        "visible": true,
        "active": true
      },
      "U_QRY": {
        "visible": true,
        "active": true
      },
      "U_RSLN": {
        "visible": true,
        "active": true
      },
      "U_QRYST": {
        "visible": true,
        "active": true
      },
      "U_LRNO": {
        "visible": true,
        "active": true
      },
      "U_LRDT": {
        "visible": true,
        "active": true
      },
      "U_VEHNO": {
        "visible": true,
        "active": true
      },
      "U_SCharge": {
        "visible": true,
        "active": true
      },
      "U_UOM": {
        "visible": true,
        "active": true
      },
      "U_Price": {
        "visible": true,
        "active": true
      },
      "U_SAmount": {
        "visible": true,
        "active": true
      },
      "U_TOS": {
        "visible": true,
        "active": true
      },
      "U_FromDate": {
        "visible": true,
        "active": true
      },
      "U_ToDate": {
        "visible": true,
        "active": true
      },
      "U_SalesValue": {
        "visible": true,
        "active": true
      },
      "U_VendorCode": {
        "visible": true,
        "active": true
      },
      "U_Bill_Party_Code": {
        "visible": true,
        "active": true
      },
      "U_Bill_PartyName": {
        "visible": true,
        "active": true
      },
      "U_Terms_of_Supply": {
        "visible": true,
        "active": true
      },
      "U_Payment": {
        "visible": true,
        "active": true
      },
      "U_Party_Address_Id": {
        "visible": true,
        "active": true
      },
      "U_Bill_Party_Address": {
        "visible": true,
        "active": true
      },
      "U_Party_Code": {
        "visible": true,
        "active": true
      },
      "U_Party_Name": {
        "visible": true,
        "active": true
      },
      "U_Address_ID_Party": {
        "visible": true,
        "active": true
      },
      "U_party_Address": {
        "visible": true,
        "active": true
      },
      "U_Invoice_No": {
        "visible": true,
        "active": true
      },
      "U_Invoice_Date": {
        "visible": true,
        "active": true
      },
      "U_Due_Date": {
        "visible": true,
        "active": true
      },
      "U_Amount": {
        "visible": true,
        "active": true
      },
      "U_Disp_Sch": {
        "visible": true,
        "active": true
      },
      "U_Contact_Id": {
        "visible": true,
        "active": true
      },
      "U_OL_IN": {
        "visible": true,
        "active": true
      },
      "U_Receipt_Amt": {
        "visible": true,
        "active": true
      },
      "U_B_FromDate": {
        "visible": true,
        "active": true
      },
      "U_B_ToDate": {
        "visible": true,
        "active": true
      },
      "U_Seller_Code": {
        "visible": true,
        "active": true
      },
      "U_Seller_Name": {
        "visible": true,
        "active": true
      },
      "U_Seller_AddressId": {
        "visible": true,
        "active": true
      },
      "U_Seller_Address": {
        "visible": true,
        "active": true
      },
      "U_Old_Soda_Nodh_No": {
        "visible": true,
        "active": true
      },
      "U_Old_Soda_Nodh_Date": {
        "visible": true,
        "active": true
      },
      "U_Canceled": {
        "visible": true,
        "active": true
      },
      "U_TrfId": {
        "visible": true,
        "active": true
      },
      "U_TrfName": {
        "visible": true,
        "active": true
      },
      "U_TrfVehi": {
        "visible": true,
        "active": true
      },
      "U_TrfDist": {
        "visible": true,
        "active": true
      },
      "U_TrfMode": {
        "visible": true,
        "active": true
      },
      "U_TrfVType": {
        "visible": true,
        "active": true
      },
      "U_AckNo": {
        "visible": true,
        "active": true
      },
      "U_AckDt": {
        "visible": true,
        "active": true
      },
      "U_CanDt": {
        "visible": true,
        "active": true
      },
      "U_QrCode": {
        "visible": true,
        "active": true
      },
      "U_SigInv": {
        "visible": true,
        "active": true
      },
      "U_EwbDt": {
        "visible": true,
        "active": true
      },
      "U_EwbVliDt": {
        "visible": true,
        "active": true
      },
      "U_EWayBCan": {
        "visible": true,
        "active": true
      },
      "U_TrfCode": {
        "visible": true,
        "active": true
      },
      "U_MultiVeh": {
        "visible": true,
        "active": true
      },
      "U_MultiVehPosted": {
        "visible": true,
        "active": true
      },
      "U_SubSuply": {
        "visible": true,
        "active": true
      },
      "U_DocType": {
        "visible": true,
        "active": true
      },
      "U_TraType": {
        "visible": true,
        "active": true
      },
      "U_DelRemarks": {
        "visible": true,
        "active": true
      }
    },
    "matrixColumns": {
      "itemNo": {
        "visible": true,
        "active": true
      },
      "itemDescription": {
        "visible": true,
        "active": true
      },
      "unit": {
        "visible": true,
        "active": true
      },
      "quantity": {
        "visible": true,
        "active": true
      },
      "unitPrice": {
        "visible": true,
        "active": true
      },
      "discountAmount": {
        "visible": true,
        "active": true
      },
      "amount": {
        "visible": true,
        "active": true
      },
      "netRate": {
        "visible": true,
        "active": true
      },
      "taxableAmount": {
        "visible": true,
        "active": true
      },
      "totalLC": {
        "visible": true,
        "active": true
      },
      "taxCode": {
        "visible": true,
        "active": true
      },
      "taxAmount": {
        "visible": true,
        "active": true
      },
      "stdDiscount": {
        "visible": true,
        "active": true
      },
      "commissionAmountPerTon": {
        "visible": true,
        "active": true
      },
      "commissionPercent": {
        "visible": true,
        "active": true
      },
      "commissionAmount": {
        "visible": true,
        "active": true
      },
      "openQty": {
        "visible": true,
        "active": true
      },
      "countryOfOrigin": {
        "visible": true,
        "active": true
      },
      "loc": {
        "visible": true,
        "active": true
      },
      "hsnCode": {
        "visible": true,
        "active": true
      },
      "sacCode": {
        "visible": true,
        "active": true
      },
      "sellerQuality": {
        "visible": false,
        "active": true
      },
      "buyerQuality": {
        "visible": false,
        "active": true
      },
      "sellerPrice": {
        "visible": false,
        "active": true
      },
      "buyerPrice": {
        "visible": false,
        "active": true
      },
      "sellerDelivery": {
        "visible": false,
        "active": true
      },
      "buyerDelivery": {
        "visible": false,
        "active": true
      },
      "sellerBrokerageAmtPer": {
        "visible": false,
        "active": true
      },
      "sellerBrokeragePercent": {
        "visible": false,
        "active": true
      },
      "sellerBrokerage": {
        "visible": false,
        "active": true
      },
      "buyerBrokerage": {
        "visible": false,
        "active": true
      },
      "qtySpecialInstruction": {
        "visible": false,
        "active": true
      },
      "deliverySpecialInstruction": {
        "visible": false,
        "active": true
      },
      "buyerBillDiscount": {
        "visible": false,
        "active": true
      },
      "sellerBillDiscount": {
        "visible": false,
        "active": true
      },
      "deliveredQty": {
        "visible": false,
        "active": true
      },
      "stcode": {
        "visible": false,
        "active": true
      },
      "whse": {
        "visible": false,
        "active": true
      },
      "distRule": {
        "visible": false,
        "active": true
      },
      "freeText": {
        "visible": false,
        "active": true
      },
      "uomCode": {
        "visible": false,
        "active": true
      },
      "uomName": {
        "visible": false,
        "active": true
      },
      "specialRebate": {
        "visible": false,
        "active": true
      },
      "commission": {
        "visible": false,
        "active": true
      },
      "sellerBrokeragePerQty": {
        "visible": false,
        "active": true
      },
      "buyerPaymentTerms": {
        "visible": false,
        "active": true
      },
      "sellerPaymentTerms": {
        "visible": false,
        "active": true
      },
      "freightPurchase": {
        "visible": false,
        "active": true
      },
      "freightSales": {
        "visible": false,
        "active": true
      },
      "freightProvider": {
        "visible": false,
        "active": true
      },
      "freightProviderName": {
        "visible": false,
        "active": true
      },
      "documentCreated": {
        "visible": false,
        "active": true
      },
      "brokerageNumber": {
        "visible": false,
        "active": true
      }
    },
    "rowUdfs": {
      "U_ItemCode": {
        "visible": false,
        "active": true
      },
      "U_Item_Desc": {
        "visible": false,
        "active": true
      },
      "U_UoM": {
        "visible": false,
        "active": true
      },
      "U_comby": {
        "visible": true,
        "active": true
      },
      "U_Loc": {
        "visible": true,
        "active": true
      },
      "U_Branch": {
        "visible": true,
        "active": true
      },
      "U_QcStatus": {
        "visible": true,
        "active": true
      },
      "U_Order_Qty": {
        "visible": true,
        "active": true
      },
      "U_Rate": {
        "visible": true,
        "active": true
      },
      "U_Amount": {
        "visible": true,
        "active": true
      },
      "U_Disc_Rate": {
        "visible": true,
        "active": true
      },
      "U_Disc_Amount": {
        "visible": true,
        "active": true
      }
    }
  }
}
[PUT] /api/form-settings/sapb1.dcSalesOrder.formSettings.v2
Request body: {
  "settings": {
    "headerUdfs": {
      "U_CUSTNAM": {
        "visible": true,
        "active": true
      },
      "U_Freight": {
        "visible": true,
        "active": true
      },
      "U_TRNS": {
        "visible": true,
        "active": true
      },
      "U_DSTN": {
        "visible": true,
        "active": true
      },
      "U_DSTNADD": {
        "visible": true,
        "active": true
      },
      "U_FDSTN": {
        "visible": true,
        "active": true
      },
      "U_FDSTADD": {
        "visible": true,
        "active": true
      },
      "U_DOCTHR": {
        "visible": true,
        "active": true
      },
      "U_QRY": {
        "visible": true,
        "active": true
      },
      "U_RSLN": {
        "visible": true,
        "active": true
      },
      "U_QRYST": {
        "visible": true,
        "active": true
      },
      "U_LRNO": {
        "visible": true,
        "active": true
      },
      "U_LRDT": {
        "visible": true,
        "active": true
      },
      "U_VEHNO": {
        "visible": true,
        "active": true
      },
      "U_SCharge": {
        "visible": true,
        "active": true
      },
      "U_UOM": {
        "visible": true,
        "active": true
      },
      "U_Price": {
        "visible": true,
        "active": true
      },
      "U_SAmount": {
        "visible": true,
        "active": true
      },
      "U_TOS": {
        "visible": true,
        "active": true
      },
      "U_FromDate": {
        "visible": true,
        "active": true
      },
      "U_ToDate": {
        "visible": true,
        "active": true
      },
      "U_SalesValue": {
        "visible": true,
        "active": true
      },
      "U_VendorCode": {
        "visible": true,
        "active": true
      },
      "U_Bill_Party_Code": {
        "visible": true,
        "active": true
      },
      "U_Bill_PartyName": {
        "visible": true,
        "active": true
      },
      "U_Terms_of_Supply": {
        "visible": true,
        "active": true
      },
      "U_Payment": {
        "visible": true,
        "active": true
      },
      "U_Party_Address_Id": {
        "visible": true,
        "active": true
      },
      "U_Bill_Party_Address": {
        "visible": true,
        "active": true
      },
      "U_Party_Code": {
        "visible": true,
        "active": true
      },
      "U_Party_Name": {
        "visible": true,
        "active": true
      },
      "U_Address_ID_Party": {
        "visible": true,
        "active": true
      },
      "U_party_Address": {
        "visible": true,
        "active": true
      },
      "U_Invoice_No": {
        "visible": true,
        "active": true
      },
      "U_Invoice_Date": {
        "visible": true,
        "active": true
      },
      "U_Due_Date": {
        "visible": true,
        "active": true
      },
      "U_Amount": {
        "visible": true,
        "active": true
      },
      "U_Disp_Sch": {
        "visible": true,
        "active": true
      },
      "U_Contact_Id": {
        "visible": true,
        "active": true
      },
      "U_OL_IN": {
        "visible": true,
        "active": true
      },
      "U_Receipt_Amt": {
        "visible": true,
        "active": true
      },
      "U_B_FromDate": {
        "visible": true,
        "active": true
      },
      "U_B_ToDate": {
        "visible": true,
        "active": true
      },
      "U_Seller_Code": {
        "visible": true,
        "active": true
      },
      "U_Seller_Name": {
        "visible": true,
        "active": true
      },
      "U_Seller_AddressId": {
        "visible": true,
        "active": true
      },
      "U_Seller_Address": {
        "visible": true,
        "active": true
      },
      "U_Old_Soda_Nodh_No": {
        "visible": true,
        "active": true
      },
      "U_Old_Soda_Nodh_Date": {
        "visible": true,
        "active": true
      },
      "U_Canceled": {
        "visible": true,
        "active": true
      },
      "U_TrfId": {
        "visible": true,
        "active": true
      },
      "U_TrfName": {
        "visible": true,
        "active": true
      },
      "U_TrfVehi": {
        "visible": true,
        "active": true
      },
      "U_TrfDist": {
        "visible": true,
        "active": true
      },
      "U_TrfMode": {
        "visible": true,
        "active": true
      },
      "U_TrfVType": {
        "visible": true,
        "active": true
      },
      "U_AckNo": {
        "visible": true,
        "active": true
      },
      "U_AckDt": {
        "visible": true,
        "active": true
      },
      "U_CanDt": {
        "visible": true,
        "active": true
      },
      "U_QrCode": {
        "visible": true,
        "active": true
      },
      "U_SigInv": {
        "visible": true,
        "active": true
      },
      "U_EwbDt": {
        "visible": true,
        "active": true
      },
      "U_EwbVliDt": {
        "visible": true,
        "active": true
      },
      "U_EWayBCan": {
        "visible": true,
        "active": true
      },
      "U_TrfCode": {
        "visible": true,
        "active": true
      },
      "U_MultiVeh": {
        "visible": true,
        "active": true
      },
      "U_MultiVehPosted": {
        "visible": true,
        "active": true
      },
      "U_SubSuply": {
        "visible": true,
        "active": true
      },
      "U_DocType": {
        "visible": true,
        "active": true
      },
      "U_TraType": {
        "visible": true,
        "active": true
      },
      "U_DelRemarks": {
        "visible": true,
        "active": true
      }
    },
    "matrixColumns": {
      "itemNo": {
        "visible": true,
        "active": true
      },
      "itemDescription": {
        "visible": true,
        "active": true
      },
      "unit": {
        "visible": true,
        "active": true
      },
      "quantity": {
        "visible": true,
        "active": true
      },
      "unitPrice": {
        "visible": true,
        "active": true
      },
      "discountAmount": {
        "visible": true,
        "active": true
      },
      "amount": {
        "visible": true,
        "active": true
      },
      "netRate": {
        "visible": true,
        "active": true
      },
      "taxableAmount": {
        "visible": true,
        "active": true
      },
      "totalLC": {
        "visible": true,
        "active": true
      },
      "taxCode": {
        "visible": true,
        "active": true
      },
      "taxAmount": {
        "visible": true,
        "active": true
      },
      "stdDiscount": {
        "visible": true,
        "active": true
      },
      "commissionAmountPerTon": {
        "visible": true,
        "active": true
      },
      "commissionPercent": {
        "visible": true,
        "active": true
      },
      "commissionAmount": {
        "visible": true,
        "active": true
      },
      "openQty": {
        "visible": true,
        "active": true
      },
      "countryOfOrigin": {
        "visible": true,
        "active": true
      },
      "loc": {
        "visible": true,
        "active": true
      },
      "hsnCode": {
        "visible": true,
        "active": true
      },
      "sacCode": {
        "visible": true,
        "active": true
      },
      "sellerQuality": {
        "visible": false,
        "active": true
      },
      "buyerQuality": {
        "visible": false,
        "active": true
      },
      "sellerPrice": {
        "visible": false,
        "active": true
      },
      "buyerPrice": {
        "visible": false,
        "active": true
      },
      "sellerDelivery": {
        "visible": false,
        "active": true
      },
      "buyerDelivery": {
        "visible": false,
        "active": true
      },
      "sellerBrokerageAmtPer": {
        "visible": false,
        "active": true
      },
      "sellerBrokeragePercent": {
        "visible": false,
        "active": true
      },
      "sellerBrokerage": {
        "visible": false,
        "active": true
      },
      "buyerBrokerage": {
        "visible": false,
        "active": true
      },
      "qtySpecialInstruction": {
        "visible": false,
        "active": true
      },
      "deliverySpecialInstruction": {
        "visible": false,
        "active": true
      },
      "buyerBillDiscount": {
        "visible": false,
        "active": true
      },
      "sellerBillDiscount": {
        "visible": false,
        "active": true
      },
      "deliveredQty": {
        "visible": false,
        "active": true
      },
      "stcode": {
        "visible": false,
        "active": true
      },
      "whse": {
        "visible": false,
        "active": true
      },
      "distRule": {
        "visible": false,
        "active": true
      },
      "freeText": {
        "visible": false,
        "active": true
      },
      "uomCode": {
        "visible": false,
        "active": true
      },
      "uomName": {
        "visible": false,
        "active": true
      },
      "specialRebate": {
        "visible": false,
        "active": true
      },
      "commission": {
        "visible": false,
        "active": true
      },
      "sellerBrokeragePerQty": {
        "visible": false,
        "active": true
      },
      "buyerPaymentTerms": {
        "visible": false,
        "active": true
      },
      "sellerPaymentTerms": {
        "visible": false,
        "active": true
      },
      "freightPurchase": {
        "visible": false,
        "active": true
      },
      "freightSales": {
        "visible": false,
        "active": true
      },
      "freightProvider": {
        "visible": false,
        "active": true
      },
      "freightProviderName": {
        "visible": false,
        "active": true
      },
      "documentCreated": {
        "visible": false,
        "active": true
      },
      "brokerageNumber": {
        "visible": false,
        "active": true
      }
    },
    "rowUdfs": {
      "U_ItemCode": {
        "visible": false,
        "active": true
      },
      "U_Item_Desc": {
        "visible": false,
        "active": true
      },
      "U_UoM": {
        "visible": false,
        "active": true
      },
      "U_comby": {
        "visible": true,
        "active": true
      },
      "U_Loc": {
        "visible": true,
        "active": true
      },
      "U_Branch": {
        "visible": true,
        "active": true
      },
      "U_QcStatus": {
        "visible": true,
        "active": true
      },
      "U_Order_Qty": {
        "visible": true,
        "active": true
      },
      "U_Rate": {
        "visible": true,
        "active": true
      },
      "U_Amount": {
        "visible": true,
        "active": true
      },
      "U_Disc_Rate": {
        "visible": true,
        "active": true
      },
      "U_Disc_Amount": {
        "visible": true,
        "active": true
      }
    }
  }
}
[POST] /api/admin-panel/users
Request body: {
  "Username": "Super_Admin",
  "PasswordHash": "[REDACTED]",
  "FullName": "SUPERADMIN",
  "Email": "",
  "IsActive": "true",
  "CreatedAt": ""
}
[PUT] /api/form-settings/sapb1.dcSalesOrder.formSettings.v2
Request body: {
  "settings": {
    "headerUdfs": {
      "U_CUSTNAM": {
        "visible": true,
        "active": true
      },
      "U_Freight": {
        "visible": true,
        "active": true
      },
      "U_TRNS": {
        "visible": true,
        "active": true
      },
      "U_DSTN": {
        "visible": true,
        "active": true
      },
      "U_DSTNADD": {
        "visible": true,
        "active": true
      },
      "U_FDSTN": {
        "visible": true,
        "active": true
      },
      "U_FDSTADD": {
        "visible": true,
        "active": true
      },
      "U_DOCTHR": {
        "visible": true,
        "active": true
      },
      "U_QRY": {
        "visible": true,
        "active": true
      },
      "U_RSLN": {
        "visible": true,
        "active": true
      },
      "U_QRYST": {
        "visible": true,
        "active": true
      },
      "U_LRNO": {
        "visible": true,
        "active": true
      },
      "U_LRDT": {
        "visible": true,
        "active": true
      },
      "U_VEHNO": {
        "visible": true,
        "active": true
      },
      "U_SCharge": {
        "visible": true,
        "active": true
      },
      "U_UOM": {
        "visible": true,
        "active": true
      },
      "U_Price": {
        "visible": true,
        "active": true
      },
      "U_SAmount": {
        "visible": true,
        "active": true
      },
      "U_TOS": {
        "visible": true,
        "active": true
      },
      "U_FromDate": {
        "visible": true,
        "active": true
      },
      "U_ToDate": {
        "visible": true,
        "active": true
      },
      "U_SalesValue": {
        "visible": true,
        "active": true
      },
      "U_VendorCode": {
        "visible": true,
        "active": true
      },
      "U_Bill_Party_Code": {
        "visible": true,
        "active": true
      },
      "U_Bill_PartyName": {
        "visible": true,
        "active": true
      },
      "U_Terms_of_Supply": {
        "visible": true,
        "active": true
      },
      "U_Payment": {
        "visible": true,
        "active": true
      },
      "U_Party_Address_Id": {
        "visible": true,
        "active": true
      },
      "U_Bill_Party_Address": {
        "visible": true,
        "active": true
      },
      "U_Party_Code": {
        "visible": true,
        "active": true
      },
      "U_Party_Name": {
        "visible": true,
        "active": true
      },
      "U_Address_ID_Party": {
        "visible": true,
        "active": true
      },
      "U_party_Address": {
        "visible": true,
        "active": true
      },
      "U_Invoice_No": {
        "visible": true,
        "active": true
      },
      "U_Invoice_Date": {
        "visible": true,
        "active": true
      },
      "U_Due_Date": {
        "visible": true,
        "active": true
      },
      "U_Amount": {
        "visible": true,
        "active": true
      },
      "U_Disp_Sch": {
        "visible": true,
        "active": true
      },
      "U_Contact_Id": {
        "visible": true,
        "active": true
      },
      "U_OL_IN": {
        "visible": true,
        "active": true
      },
      "U_Receipt_Amt": {
        "visible": true,
        "active": true
      },
      "U_B_FromDate": {
        "visible": true,
        "active": true
      },
      "U_B_ToDate": {
        "visible": true,
        "active": true
      },
      "U_Seller_Code": {
        "visible": true,
        "active": true
      },
      "U_Seller_Name": {
        "visible": true,
        "active": true
      },
      "U_Seller_AddressId": {
        "visible": true,
        "active": true
      },
      "U_Seller_Address": {
        "visible": true,
        "active": true
      },
      "U_Old_Soda_Nodh_No": {
        "visible": true,
        "active": true
      },
      "U_Old_Soda_Nodh_Date": {
        "visible": true,
        "active": true
      },
      "U_Canceled": {
        "visible": true,
        "active": true
      },
      "U_TrfId": {
        "visible": true,
        "active": true
      },
      "U_TrfName": {
        "visible": true,
        "active": true
      },
      "U_TrfVehi": {
        "visible": true,
        "active": true
      },
      "U_TrfDist": {
        "visible": true,
        "active": true
      },
      "U_TrfMode": {
        "visible": true,
        "active": true
      },
      "U_TrfVType": {
        "visible": true,
        "active": true
      },
      "U_AckNo": {
        "visible": true,
        "active": true
      },
      "U_AckDt": {
        "visible": true,
        "active": true
      },
      "U_CanDt": {
        "visible": true,
        "active": true
      },
      "U_QrCode": {
        "visible": true,
        "active": true
      },
      "U_SigInv": {
        "visible": true,
        "active": true
      },
      "U_EwbDt": {
        "visible": true,
        "active": true
      },
      "U_EwbVliDt": {
        "visible": true,
        "active": true
      },
      "U_EWayBCan": {
        "visible": true,
        "active": true
      },
      "U_TrfCode": {
        "visible": true,
        "active": true
      },
      "U_MultiVeh": {
        "visible": true,
        "active": true
      },
      "U_MultiVehPosted": {
        "visible": true,
        "active": true
      },
      "U_SubSuply": {
        "visible": true,
        "active": true
      },
      "U_DocType": {
        "visible": true,
        "active": true
      },
      "U_TraType": {
        "visible": true,
        "active": true
      },
      "U_DelRemarks": {
        "visible": true,
        "active": true
      }
    },
    "matrixColumns": {
      "itemNo": {
        "visible": true,
        "active": true
      },
      "itemDescription": {
        "visible": true,
        "active": true
      },
      "unit": {
        "visible": true,
        "active": true
      },
      "quantity": {
        "visible": true,
        "active": true
      },
      "unitPrice": {
        "visible": true,
        "active": true
      },
      "discountAmount": {
        "visible": true,
        "active": true
      },
      "amount": {
        "visible": true,
        "active": true
      },
      "netRate": {
        "visible": true,
        "active": true
      },
      "taxableAmount": {
        "visible": true,
        "active": true
      },
      "totalLC": {
        "visible": true,
        "active": true
      },
      "taxCode": {
        "visible": true,
        "active": true
      },
      "taxAmount": {
        "visible": true,
        "active": true
      },
      "stdDiscount": {
        "visible": true,
        "active": true
      },
      "commissionAmountPerTon": {
        "visible": true,
        "active": true
      },
      "commissionPercent": {
        "visible": true,
        "active": true
      },
      "commissionAmount": {
        "visible": true,
        "active": true
      },
      "openQty": {
        "visible": true,
        "active": true
      },
      "countryOfOrigin": {
        "visible": true,
        "active": true
      },
      "loc": {
        "visible": true,
        "active": true
      },
      "hsnCode": {
        "visible": true,
        "active": true
      },
      "sacCode": {
        "visible": true,
        "active": true
      },
      "sellerQuality": {
        "visible": false,
        "active": true
      },
      "buyerQuality": {
        "visible": false,
        "active": true
      },
      "sellerPrice": {
        "visible": false,
        "active": true
      },
      "buyerPrice": {
        "visible": false,
        "active": true
      },
      "sellerDelivery": {
        "visible": false,
        "active": true
      },
      "buyerDelivery": {
        "visible": false,
        "active": true
      },
      "sellerBrokerageAmtPer": {
        "visible": false,
        "active": true
      },
      "sellerBrokeragePercent": {
        "visible": false,
        "active": true
      },
      "sellerBrokerage": {
        "visible": false,
        "active": true
      },
      "buyerBrokerage": {
        "visible": false,
        "active": true
      },
      "qtySpecialInstruction": {
        "visible": false,
        "active": true
      },
      "deliverySpecialInstruction": {
        "visible": false,
        "active": true
      },
      "buyerBillDiscount": {
        "visible": false,
        "active": true
      },
      "sellerBillDiscount": {
        "visible": false,
        "active": true
      },
      "deliveredQty": {
        "visible": false,
        "active": true
      },
      "stcode": {
        "visible": false,
        "active": true
      },
      "whse": {
        "visible": false,
        "active": true
      },
      "distRule": {
        "visible": false,
        "active": true
      },
      "freeText": {
        "visible": false,
        "active": true
      },
      "uomCode": {
        "visible": false,
        "active": true
      },
      "uomName": {
        "visible": false,
        "active": true
      },
      "specialRebate": {
        "visible": false,
        "active": true
      },
      "commission": {
        "visible": false,
        "active": true
      },
      "sellerBrokeragePerQty": {
        "visible": false,
        "active": true
      },
      "buyerPaymentTerms": {
        "visible": false,
        "active": true
      },
      "sellerPaymentTerms": {
        "visible": false,
        "active": true
      },
      "freightPurchase": {
        "visible": false,
        "active": true
      },
      "freightSales": {
        "visible": false,
        "active": true
      },
      "freightProvider": {
        "visible": false,
        "active": true
      },
      "freightProviderName": {
        "visible": false,
        "active": true
      },
      "documentCreated": {
        "visible": false,
        "active": true
      },
      "brokerageNumber": {
        "visible": false,
        "active": true
      }
    },
    "rowUdfs": {
      "U_ItemCode": {
        "visible": false,
        "active": true
      },
      "U_Item_Desc": {
        "visible": false,
        "active": true
      },
      "U_UoM": {
        "visible": false,
        "active": true
      },
      "U_comby": {
        "visible": true,
        "active": true
      },
      "U_Loc": {
        "visible": true,
        "active": true
      },
      "U_Branch": {
        "visible": true,
        "active": true
      },
      "U_QcStatus": {
        "visible": true,
        "active": true
      },
      "U_Order_Qty": {
        "visible": true,
        "active": true
      },
      "U_Rate": {
        "visible": true,
        "active": true
      },
      "U_Amount": {
        "visible": true,
        "active": true
      },
      "U_Disc_Rate": {
        "visible": true,
        "active": true
      },
      "U_Disc_Amount": {
        "visible": true,
        "active": true
      }
    }
  }
}
[PUT] /api/form-settings/sapb1.dcSalesOrder.formSettings.v2
Request body: {
  "settings": {
    "headerUdfs": {
      "U_CUSTNAM": {
        "visible": true,
        "active": true
      },
      "U_Freight": {
        "visible": true,
        "active": true
      },
      "U_TRNS": {
        "visible": true,
        "active": true
      },
      "U_DSTN": {
        "visible": true,
        "active": true
      },
      "U_DSTNADD": {
        "visible": true,
        "active": true
      },
      "U_FDSTN": {
        "visible": true,
        "active": true
      },
      "U_FDSTADD": {
        "visible": true,
        "active": true
      },
      "U_DOCTHR": {
        "visible": true,
        "active": true
      },
      "U_QRY": {
        "visible": true,
        "active": true
      },
      "U_RSLN": {
        "visible": true,
        "active": true
      },
      "U_QRYST": {
        "visible": true,
        "active": true
      },
      "U_LRNO": {
        "visible": true,
        "active": true
      },
      "U_LRDT": {
        "visible": true,
        "active": true
      },
      "U_VEHNO": {
        "visible": true,
        "active": true
      },
      "U_SCharge": {
        "visible": true,
        "active": true
      },
      "U_UOM": {
        "visible": true,
        "active": true
      },
      "U_Price": {
        "visible": true,
        "active": true
      },
      "U_SAmount": {
        "visible": true,
        "active": true
      },
      "U_TOS": {
        "visible": true,
        "active": true
      },
      "U_FromDate": {
        "visible": true,
        "active": true
      },
      "U_ToDate": {
        "visible": true,
        "active": true
      },
      "U_SalesValue": {
        "visible": true,
        "active": true
      },
      "U_VendorCode": {
        "visible": true,
        "active": true
      },
      "U_Bill_Party_Code": {
        "visible": true,
        "active": true
      },
      "U_Bill_PartyName": {
        "visible": true,
        "active": true
      },
      "U_Terms_of_Supply": {
        "visible": true,
        "active": true
      },
      "U_Payment": {
        "visible": true,
        "active": true
      },
      "U_Party_Address_Id": {
        "visible": true,
        "active": true
      },
      "U_Bill_Party_Address": {
        "visible": true,
        "active": true
      },
      "U_Party_Code": {
        "visible": true,
        "active": true
      },
      "U_Party_Name": {
        "visible": true,
        "active": true
      },
      "U_Address_ID_Party": {
        "visible": true,
        "active": true
      },
      "U_party_Address": {
        "visible": true,
        "active": true
      },
      "U_Invoice_No": {
        "visible": true,
        "active": true
      },
      "U_Invoice_Date": {
        "visible": true,
        "active": true
      },
      "U_Due_Date": {
        "visible": true,
        "active": true
      },
      "U_Amount": {
        "visible": true,
        "active": true
      },
      "U_Disp_Sch": {
        "visible": true,
        "active": true
      },
      "U_Contact_Id": {
        "visible": true,
        "active": true
      },
      "U_OL_IN": {
        "visible": true,
        "active": true
      },
      "U_Receipt_Amt": {
        "visible": true,
        "active": true
      },
      "U_B_FromDate": {
        "visible": true,
        "active": true
      },
      "U_B_ToDate": {
        "visible": true,
        "active": true
      },
      "U_Seller_Code": {
        "visible": true,
        "active": true
      },
      "U_Seller_Name": {
        "visible": true,
        "active": true
      },
      "U_Seller_AddressId": {
        "visible": true,
        "active": true
      },
      "U_Seller_Address": {
        "visible": true,
        "active": true
      },
      "U_Old_Soda_Nodh_No": {
        "visible": true,
        "active": true
      },
      "U_Old_Soda_Nodh_Date": {
        "visible": true,
        "active": true
      },
      "U_Canceled": {
        "visible": true,
        "active": true
      },
      "U_TrfId": {
        "visible": true,
        "active": true
      },
      "U_TrfName": {
        "visible": true,
        "active": true
      },
      "U_TrfVehi": {
        "visible": true,
        "active": true
      },
      "U_TrfDist": {
        "visible": true,
        "active": true
      },
      "U_TrfMode": {
        "visible": true,
        "active": true
      },
      "U_TrfVType": {
        "visible": true,
        "active": true
      },
      "U_AckNo": {
        "visible": true,
        "active": true
      },
      "U_AckDt": {
        "visible": true,
        "active": true
      },
      "U_CanDt": {
        "visible": true,
        "active": true
      },
      "U_QrCode": {
        "visible": true,
        "active": true
      },
      "U_SigInv": {
        "visible": true,
        "active": true
      },
      "U_EwbDt": {
        "visible": true,
        "active": true
      },
      "U_EwbVliDt": {
        "visible": true,
        "active": true
      },
      "U_EWayBCan": {
        "visible": true,
        "active": true
      },
      "U_TrfCode": {
        "visible": true,
        "active": true
      },
      "U_MultiVeh": {
        "visible": true,
        "active": true
      },
      "U_MultiVehPosted": {
        "visible": true,
        "active": true
      },
      "U_SubSuply": {
        "visible": true,
        "active": true
      },
      "U_DocType": {
        "visible": true,
        "active": true
      },
      "U_TraType": {
        "visible": true,
        "active": true
      },
      "U_DelRemarks": {
        "visible": true,
        "active": true
      }
    },
    "matrixColumns": {
      "itemNo": {
        "visible": true,
        "active": true
      },
      "itemDescription": {
        "visible": true,
        "active": true
      },
      "unit": {
        "visible": true,
        "active": true
      },
      "quantity": {
        "visible": true,
        "active": true
      },
      "unitPrice": {
        "visible": true,
        "active": true
      },
      "discountAmount": {
        "visible": true,
        "active": true
      },
      "amount": {
        "visible": true,
        "active": true
      },
      "netRate": {
        "visible": true,
        "active": true
      },
      "taxableAmount": {
        "visible": true,
        "active": true
      },
      "totalLC": {
        "visible": true,
        "active": true
      },
      "taxCode": {
        "visible": true,
        "active": true
      },
      "taxAmount": {
        "visible": true,
        "active": true
      },
      "stdDiscount": {
        "visible": true,
        "active": true
      },
      "commissionAmountPerTon": {
        "visible": true,
        "active": true
      },
      "commissionPercent": {
        "visible": true,
        "active": true
      },
      "commissionAmount": {
        "visible": true,
        "active": true
      },
      "openQty": {
        "visible": true,
        "active": true
      },
      "countryOfOrigin": {
        "visible": true,
        "active": true
      },
      "loc": {
        "visible": true,
        "active": true
      },
      "hsnCode": {
        "visible": true,
        "active": true
      },
      "sacCode": {
        "visible": true,
        "active": true
      },
      "sellerQuality": {
        "visible": false,
        "active": true
      },
      "buyerQuality": {
        "visible": false,
        "active": true
      },
      "sellerPrice": {
        "visible": false,
        "active": true
      },
      "buyerPrice": {
        "visible": false,
        "active": true
      },
      "sellerDelivery": {
        "visible": false,
        "active": true
      },
      "buyerDelivery": {
        "visible": false,
        "active": true
      },
      "sellerBrokerageAmtPer": {
        "visible": false,
        "active": true
      },
      "sellerBrokeragePercent": {
        "visible": false,
        "active": true
      },
      "sellerBrokerage": {
        "visible": false,
        "active": true
      },
      "buyerBrokerage": {
        "visible": false,
        "active": true
      },
      "qtySpecialInstruction": {
        "visible": false,
        "active": true
      },
      "deliverySpecialInstruction": {
        "visible": false,
        "active": true
      },
      "buyerBillDiscount": {
        "visible": false,
        "active": true
      },
      "sellerBillDiscount": {
        "visible": false,
        "active": true
      },
      "deliveredQty": {
        "visible": false,
        "active": true
      },
      "stcode": {
        "visible": false,
        "active": true
      },
      "whse": {
        "visible": false,
        "active": true
      },
      "distRule": {
        "visible": false,
        "active": true
      },
      "freeText": {
        "visible": false,
        "active": true
      },
      "uomCode": {
        "visible": false,
        "active": true
      },
      "uomName": {
        "visible": false,
        "active": true
      },
      "specialRebate": {
        "visible": false,
        "active": true
      },
      "commission": {
        "visible": false,
        "active": true
      },
      "sellerBrokeragePerQty": {
        "visible": false,
        "active": true
      },
      "buyerPaymentTerms": {
        "visible": false,
        "active": true
      },
      "sellerPaymentTerms": {
        "visible": false,
        "active": true
      },
      "freightPurchase": {
        "visible": false,
        "active": true
      },
      "freightSales": {
        "visible": false,
        "active": true
      },
      "freightProvider": {
        "visible": false,
        "active": true
      },
      "freightProviderName": {
        "visible": false,
        "active": true
      },
      "documentCreated": {
        "visible": false,
        "active": true
      },
      "brokerageNumber": {
        "visible": false,
        "active": true
      }
    },
    "rowUdfs": {
      "U_ItemCode": {
        "visible": false,
        "active": true
      },
      "U_Item_Desc": {
        "visible": false,
        "active": true
      },
      "U_UoM": {
        "visible": false,
        "active": true
      },
      "U_comby": {
        "visible": true,
        "active": true
      },
      "U_Loc": {
        "visible": true,
        "active": true
      },
      "U_Branch": {
        "visible": true,
        "active": true
      },
      "U_QcStatus": {
        "visible": true,
        "active": true
      },
      "U_Order_Qty": {
        "visible": true,
        "active": true
      },
      "U_Rate": {
        "visible": true,
        "active": true
      },
      "U_Amount": {
        "visible": true,
        "active": true
      },
      "U_Disc_Rate": {
        "visible": true,
        "active": true
      },
      "U_Disc_Amount": {
        "visible": true,
        "active": true
      }
    }
  }
}
[POST] /api/admin-panel/user-companies
Request body: {
  "UserId": "7",
  "CompanyId": "4",
  "IsDefault": ""
}
[POST] /api/admin-panel/user-companies
Request body: {
  "UserId": "7",
  "CompanyId": "3",
  "IsDefault": ""
}
[PUT] /api/form-settings/sapb1.dcSalesOrder.formSettings.v2
Request body: {
  "settings": {
    "headerUdfs": {
      "U_CUSTNAM": {
        "visible": true,
        "active": true
      },
      "U_Freight": {
        "visible": true,
        "active": true
      },
      "U_TRNS": {
        "visible": true,
        "active": true
      },
      "U_DSTN": {
        "visible": true,
        "active": true
      },
      "U_DSTNADD": {
        "visible": true,
        "active": true
      },
      "U_FDSTN": {
        "visible": true,
        "active": true
      },
      "U_FDSTADD": {
        "visible": true,
        "active": true
      },
      "U_DOCTHR": {
        "visible": true,
        "active": true
      },
      "U_QRY": {
        "visible": true,
        "active": true
      },
      "U_RSLN": {
        "visible": true,
        "active": true
      },
      "U_QRYST": {
        "visible": true,
        "active": true
      },
      "U_LRNO": {
        "visible": true,
        "active": true
      },
      "U_LRDT": {
        "visible": true,
        "active": true
      },
      "U_VEHNO": {
        "visible": true,
        "active": true
      },
      "U_SCharge": {
        "visible": true,
        "active": true
      },
      "U_UOM": {
        "visible": true,
        "active": true
      },
      "U_Price": {
        "visible": true,
        "active": true
      },
      "U_SAmount": {
        "visible": true,
        "active": true
      },
      "U_TOS": {
        "visible": true,
        "active": true
      },
      "U_FromDate": {
        "visible": true,
        "active": true
      },
      "U_ToDate": {
        "visible": true,
        "active": true
      },
      "U_SalesValue": {
        "visible": true,
        "active": true
      },
      "U_VendorCode": {
        "visible": true,
        "active": true
      },
      "U_Bill_Party_Code": {
        "visible": true,
        "active": true
      },
      "U_Bill_PartyName": {
        "visible": true,
        "active": true
      },
      "U_Terms_of_Supply": {
        "visible": true,
        "active": true
      },
      "U_Payment": {
        "visible": true,
        "active": true
      },
      "U_Party_Address_Id": {
        "visible": true,
        "active": true
      },
      "U_Bill_Party_Address": {
        "visible": true,
        "active": true
      },
      "U_Party_Code": {
        "visible": true,
        "active": true
      },
      "U_Party_Name": {
        "visible": true,
        "active": true
      },
      "U_Address_ID_Party": {
        "visible": true,
        "active": true
      },
      "U_party_Address": {
        "visible": true,
        "active": true
      },
      "U_Invoice_No": {
        "visible": true,
        "active": true
      },
      "U_Invoice_Date": {
        "visible": true,
        "active": true
      },
      "U_Due_Date": {
        "visible": true,
        "active": true
      },
      "U_Amount": {
        "visible": true,
        "active": true
      },
      "U_Disp_Sch": {
        "visible": true,
        "active": true
      },
      "U_Contact_Id": {
        "visible": true,
        "active": true
      },
      "U_OL_IN": {
        "visible": true,
        "active": true
      },
      "U_Receipt_Amt": {
        "visible": true,
        "active": true
      },
      "U_B_FromDate": {
        "visible": true,
        "active": true
      },
      "U_B_ToDate": {
        "visible": true,
        "active": true
      },
      "U_Seller_Code": {
        "visible": true,
        "active": true
      },
      "U_Seller_Name": {
        "visible": true,
        "active": true
      },
      "U_Seller_AddressId": {
        "visible": true,
        "active": true
      },
      "U_Seller_Address": {
        "visible": true,
        "active": true
      },
      "U_Old_Soda_Nodh_No": {
        "visible": true,
        "active": true
      },
      "U_Old_Soda_Nodh_Date": {
        "visible": true,
        "active": true
      },
      "U_Canceled": {
        "visible": true,
        "active": true
      },
      "U_TrfId": {
        "visible": true,
        "active": true
      },
      "U_TrfName": {
        "visible": true,
        "active": true
      },
      "U_TrfVehi": {
        "visible": true,
        "active": true
      },
      "U_TrfDist": {
        "visible": true,
        "active": true
      },
      "U_TrfMode": {
        "visible": true,
        "active": true
      },
      "U_TrfVType": {
        "visible": true,
        "active": true
      },
      "U_AckNo": {
        "visible": true,
        "active": true
      },
      "U_AckDt": {
        "visible": true,
        "active": true
      },
      "U_CanDt": {
        "visible": true,
        "active": true
      },
      "U_QrCode": {
        "visible": true,
        "active": true
      },
      "U_SigInv": {
        "visible": true,
        "active": true
      },
      "U_EwbDt": {
        "visible": true,
        "active": true
      },
      "U_EwbVliDt": {
        "visible": true,
        "active": true
      },
      "U_EWayBCan": {
        "visible": true,
        "active": true
      },
      "U_TrfCode": {
        "visible": true,
        "active": true
      },
      "U_MultiVeh": {
        "visible": true,
        "active": true
      },
      "U_MultiVehPosted": {
        "visible": true,
        "active": true
      },
      "U_SubSuply": {
        "visible": true,
        "active": true
      },
      "U_DocType": {
        "visible": true,
        "active": true
      },
      "U_TraType": {
        "visible": true,
        "active": true
      },
      "U_DelRemarks": {
        "visible": true,
        "active": true
      }
    },
    "matrixColumns": {
      "itemNo": {
        "visible": true,
        "active": true
      },
      "itemDescription": {
        "visible": true,
        "active": true
      },
      "unit": {
        "visible": true,
        "active": true
      },
      "quantity": {
        "visible": true,
        "active": true
      },
      "unitPrice": {
        "visible": true,
        "active": true
      },
      "discountAmount": {
        "visible": true,
        "active": true
      },
      "amount": {
        "visible": true,
        "active": true
      },
      "netRate": {
        "visible": true,
        "active": true
      },
      "taxableAmount": {
        "visible": true,
        "active": true
      },
      "totalLC": {
        "visible": true,
        "active": true
      },
      "taxCode": {
        "visible": true,
        "active": true
      },
      "taxAmount": {
        "visible": true,
        "active": true
      },
      "stdDiscount": {
        "visible": true,
        "active": true
      },
      "commissionAmountPerTon": {
        "visible": true,
        "active": true
      },
      "commissionPercent": {
        "visible": true,
        "active": true
      },
      "commissionAmount": {
        "visible": true,
        "active": true
      },
      "openQty": {
        "visible": true,
        "active": true
      },
      "countryOfOrigin": {
        "visible": true,
        "active": true
      },
      "loc": {
        "visible": true,
        "active": true
      },
      "hsnCode": {
        "visible": true,
        "active": true
      },
      "sacCode": {
        "visible": true,
        "active": true
      },
      "sellerQuality": {
        "visible": false,
        "active": true
      },
      "buyerQuality": {
        "visible": false,
        "active": true
      },
      "sellerPrice": {
        "visible": false,
        "active": true
      },
      "buyerPrice": {
        "visible": false,
        "active": true
      },
      "sellerDelivery": {
        "visible": false,
        "active": true
      },
      "buyerDelivery": {
        "visible": false,
        "active": true
      },
      "sellerBrokerageAmtPer": {
        "visible": false,
        "active": true
      },
      "sellerBrokeragePercent": {
        "visible": false,
        "active": true
      },
      "sellerBrokerage": {
        "visible": false,
        "active": true
      },
      "buyerBrokerage": {
        "visible": false,
        "active": true
      },
      "qtySpecialInstruction": {
        "visible": false,
        "active": true
      },
      "deliverySpecialInstruction": {
        "visible": false,
        "active": true
      },
      "buyerBillDiscount": {
        "visible": false,
        "active": true
      },
      "sellerBillDiscount": {
        "visible": false,
        "active": true
      },
      "deliveredQty": {
        "visible": false,
        "active": true
      },
      "stcode": {
        "visible": false,
        "active": true
      },
      "whse": {
        "visible": false,
        "active": true
      },
      "distRule": {
        "visible": false,
        "active": true
      },
      "freeText": {
        "visible": false,
        "active": true
      },
      "uomCode": {
        "visible": false,
        "active": true
      },
      "uomName": {
        "visible": false,
        "active": true
      },
      "specialRebate": {
        "visible": false,
        "active": true
      },
      "commission": {
        "visible": false,
        "active": true
      },
      "sellerBrokeragePerQty": {
        "visible": false,
        "active": true
      },
      "buyerPaymentTerms": {
        "visible": false,
        "active": true
      },
      "sellerPaymentTerms": {
        "visible": false,
        "active": true
      },
      "freightPurchase": {
        "visible": false,
        "active": true
      },
      "freightSales": {
        "visible": false,
        "active": true
      },
      "freightProvider": {
        "visible": false,
        "active": true
      },
      "freightProviderName": {
        "visible": false,
        "active": true
      },
      "documentCreated": {
        "visible": false,
        "active": true
      },
      "brokerageNumber": {
        "visible": false,
        "active": true
      }
    },
    "rowUdfs": {
      "U_ItemCode": {
        "visible": false,
        "active": true
      },
      "U_Item_Desc": {
        "visible": false,
        "active": true
      },
      "U_UoM": {
        "visible": false,
        "active": true
      },
      "U_comby": {
        "visible": true,
        "active": true
      },
      "U_Loc": {
        "visible": true,
        "active": true
      },
      "U_Branch": {
        "visible": true,
        "active": true
      },
      "U_QcStatus": {
        "visible": true,
        "active": true
      },
      "U_Order_Qty": {
        "visible": true,
        "active": true
      },
      "U_Rate": {
        "visible": true,
        "active": true
      },
      "U_Amount": {
        "visible": true,
        "active": true
      },
      "U_Disc_Rate": {
        "visible": true,
        "active": true
      },
      "U_Disc_Amount": {
        "visible": true,
        "active": true
      }
    }
  }
}
[PUT] /api/form-settings/sapb1.dcSalesOrder.formSettings.v2
Request body: {
  "settings": {
    "headerUdfs": {
      "U_CUSTNAM": {
        "visible": true,
        "active": true
      },
      "U_Freight": {
        "visible": true,
        "active": true
      },
      "U_TRNS": {
        "visible": true,
        "active": true
      },
      "U_DSTN": {
        "visible": true,
        "active": true
      },
      "U_DSTNADD": {
        "visible": true,
        "active": true
      },
      "U_FDSTN": {
        "visible": true,
        "active": true
      },
      "U_FDSTADD": {
        "visible": true,
        "active": true
      },
      "U_DOCTHR": {
        "visible": true,
        "active": true
      },
      "U_QRY": {
        "visible": true,
        "active": true
      },
      "U_RSLN": {
        "visible": true,
        "active": true
      },
      "U_QRYST": {
        "visible": true,
        "active": true
      },
      "U_LRNO": {
        "visible": true,
        "active": true
      },
      "U_LRDT": {
        "visible": true,
        "active": true
      },
      "U_VEHNO": {
        "visible": true,
        "active": true
      },
      "U_SCharge": {
        "visible": true,
        "active": true
      },
      "U_UOM": {
        "visible": true,
        "active": true
      },
      "U_Price": {
        "visible": true,
        "active": true
      },
      "U_SAmount": {
        "visible": true,
        "active": true
      },
      "U_TOS": {
        "visible": true,
        "active": true
      },
      "U_FromDate": {
        "visible": true,
        "active": true
      },
      "U_ToDate": {
        "visible": true,
        "active": true
      },
      "U_SalesValue": {
        "visible": true,
        "active": true
      },
      "U_VendorCode": {
        "visible": true,
        "active": true
      },
      "U_Bill_Party_Code": {
        "visible": true,
        "active": true
      },
      "U_Bill_PartyName": {
        "visible": true,
        "active": true
      },
      "U_Terms_of_Supply": {
        "visible": true,
        "active": true
      },
      "U_Payment": {
        "visible": true,
        "active": true
      },
      "U_Party_Address_Id": {
        "visible": true,
        "active": true
      },
      "U_Bill_Party_Address": {
        "visible": true,
        "active": true
      },
      "U_Party_Code": {
        "visible": true,
        "active": true
      },
      "U_Party_Name": {
        "visible": true,
        "active": true
      },
      "U_Address_ID_Party": {
        "visible": true,
        "active": true
      },
      "U_party_Address": {
        "visible": true,
        "active": true
      },
      "U_Invoice_No": {
        "visible": true,
        "active": true
      },
      "U_Invoice_Date": {
        "visible": true,
        "active": true
      },
      "U_Due_Date": {
        "visible": true,
        "active": true
      },
      "U_Amount": {
        "visible": true,
        "active": true
      },
      "U_Disp_Sch": {
        "visible": true,
        "active": true
      },
      "U_Contact_Id": {
        "visible": true,
        "active": true
      },
      "U_OL_IN": {
        "visible": true,
        "active": true
      },
      "U_Receipt_Amt": {
        "visible": true,
        "active": true
      },
      "U_B_FromDate": {
        "visible": true,
        "active": true
      },
      "U_B_ToDate": {
        "visible": true,
        "active": true
      },
      "U_Seller_Code": {
        "visible": true,
        "active": true
      },
      "U_Seller_Name": {
        "visible": true,
        "active": true
      },
      "U_Seller_AddressId": {
        "visible": true,
        "active": true
      },
      "U_Seller_Address": {
        "visible": true,
        "active": true
      },
      "U_Old_Soda_Nodh_No": {
        "visible": true,
        "active": true
      },
      "U_Old_Soda_Nodh_Date": {
        "visible": true,
        "active": true
      },
      "U_Canceled": {
        "visible": true,
        "active": true
      },
      "U_TrfId": {
        "visible": true,
        "active": true
      },
      "U_TrfName": {
        "visible": true,
        "active": true
      },
      "U_TrfVehi": {
        "visible": true,
        "active": true
      },
      "U_TrfDist": {
        "visible": true,
        "active": true
      },
      "U_TrfMode": {
        "visible": true,
        "active": true
      },
      "U_TrfVType": {
        "visible": true,
        "active": true
      },
      "U_AckNo": {
        "visible": true,
        "active": true
      },
      "U_AckDt": {
        "visible": true,
        "active": true
      },
      "U_CanDt": {
        "visible": true,
        "active": true
      },
      "U_QrCode": {
        "visible": true,
        "active": true
      },
      "U_SigInv": {
        "visible": true,
        "active": true
      },
      "U_EwbDt": {
        "visible": true,
        "active": true
      },
      "U_EwbVliDt": {
        "visible": true,
        "active": true
      },
      "U_EWayBCan": {
        "visible": true,
        "active": true
      },
      "U_TrfCode": {
        "visible": true,
        "active": true
      },
      "U_MultiVeh": {
        "visible": true,
        "active": true
      },
      "U_MultiVehPosted": {
        "visible": true,
        "active": true
      },
      "U_SubSuply": {
        "visible": true,
        "active": true
      },
      "U_DocType": {
        "visible": true,
        "active": true
      },
      "U_TraType": {
        "visible": true,
        "active": true
      },
      "U_DelRemarks": {
        "visible": true,
        "active": true
      }
    },
    "matrixColumns": {
      "itemNo": {
        "visible": true,
        "active": true
      },
      "itemDescription": {
        "visible": true,
        "active": true
      },
      "unit": {
        "visible": true,
        "active": true
      },
      "quantity": {
        "visible": true,
        "active": true
      },
      "unitPrice": {
        "visible": true,
        "active": true
      },
      "discountAmount": {
        "visible": true,
        "active": true
      },
      "amount": {
        "visible": true,
        "active": true
      },
      "netRate": {
        "visible": true,
        "active": true
      },
      "taxableAmount": {
        "visible": true,
        "active": true
      },
      "totalLC": {
        "visible": true,
        "active": true
      },
      "taxCode": {
        "visible": true,
        "active": true
      },
      "taxAmount": {
        "visible": true,
        "active": true
      },
      "stdDiscount": {
        "visible": true,
        "active": true
      },
      "commissionAmountPerTon": {
        "visible": true,
        "active": true
      },
      "commissionPercent": {
        "visible": true,
        "active": true
      },
      "commissionAmount": {
        "visible": true,
        "active": true
      },
      "openQty": {
        "visible": true,
        "active": true
      },
      "countryOfOrigin": {
        "visible": true,
        "active": true
      },
      "loc": {
        "visible": true,
        "active": true
      },
      "hsnCode": {
        "visible": true,
        "active": true
      },
      "sacCode": {
        "visible": true,
        "active": true
      },
      "sellerQuality": {
        "visible": false,
        "active": true
      },
      "buyerQuality": {
        "visible": false,
        "active": true
      },
      "sellerPrice": {
        "visible": false,
        "active": true
      },
      "buyerPrice": {
        "visible": false,
        "active": true
      },
      "sellerDelivery": {
        "visible": false,
        "active": true
      },
      "buyerDelivery": {
        "visible": false,
        "active": true
      },
      "sellerBrokerageAmtPer": {
        "visible": false,
        "active": true
      },
      "sellerBrokeragePercent": {
        "visible": false,
        "active": true
      },
      "sellerBrokerage": {
        "visible": false,
        "active": true
      },
      "buyerBrokerage": {
        "visible": false,
        "active": true
      },
      "qtySpecialInstruction": {
        "visible": false,
        "active": true
      },
      "deliverySpecialInstruction": {
        "visible": false,
        "active": true
      },
      "buyerBillDiscount": {
        "visible": false,
        "active": true
      },
      "sellerBillDiscount": {
        "visible": false,
        "active": true
      },
      "deliveredQty": {
        "visible": false,
        "active": true
      },
      "stcode": {
        "visible": false,
        "active": true
      },
      "whse": {
        "visible": false,
        "active": true
      },
      "distRule": {
        "visible": false,
        "active": true
      },
      "freeText": {
        "visible": false,
        "active": true
      },
      "uomCode": {
        "visible": false,
        "active": true
      },
      "uomName": {
        "visible": false,
        "active": true
      },
      "specialRebate": {
        "visible": false,
        "active": true
      },
      "commission": {
        "visible": false,
        "active": true
      },
      "sellerBrokeragePerQty": {
        "visible": false,
        "active": true
      },
      "buyerPaymentTerms": {
        "visible": false,
        "active": true
      },
      "sellerPaymentTerms": {
        "visible": false,
        "active": true
      },
      "freightPurchase": {
        "visible": false,
        "active": true
      },
      "freightSales": {
        "visible": false,
        "active": true
      },
      "freightProvider": {
        "visible": false,
        "active": true
      },
      "freightProviderName": {
        "visible": false,
        "active": true
      },
      "documentCreated": {
        "visible": false,
        "active": true
      },
      "brokerageNumber": {
        "visible": false,
        "active": true
      }
    },
    "rowUdfs": {
      "U_ItemCode": {
        "visible": false,
        "active": true
      },
      "U_Item_Desc": {
        "visible": false,
        "active": true
      },
      "U_UoM": {
        "visible": false,
        "active": true
      },
      "U_comby": {
        "visible": true,
        "active": true
      },
      "U_Loc": {
        "visible": true,
        "active": true
      },
      "U_Branch": {
        "visible": true,
        "active": true
      },
      "U_QcStatus": {
        "visible": true,
        "active": true
      },
      "U_Order_Qty": {
        "visible": true,
        "active": true
      },
      "U_Rate": {
        "visible": true,
        "active": true
      },
      "U_Amount": {
        "visible": true,
        "active": true
      },
      "U_Disc_Rate": {
        "visible": true,
        "active": true
      },
      "U_Disc_Amount": {
        "visible": true,
        "active": true
      }
    }
  }
}
[POST] /api/admin-panel/user-companies
Request body: {
  "UserId": "7",
  "CompanyId": "2",
  "IsDefault": ""
}
[POST] /api/admin-panel/user-companies
Request body: {
  "UserId": "7",
  "CompanyId": "2",
  "IsDefault": ""
}
[POST] /api/admin-panel/user-companies
Request body: {
  "UserId": "7",
  "CompanyId": "1",
  "IsDefault": ""
}
[POST] /api/admin-panel/user-roles
Request body: {
  "UserId": "7",
  "RoleId": "1",
  "CompanyId": "4"
}
[POST] /api/admin-panel/user-roles
Request body: {
  "UserId": "7",
  "RoleId": "1",
  "CompanyId": "3"
}
[POST] /api/admin-panel/user-roles
Request body: {
  "UserId": "7",
  "RoleId": "1",
  "CompanyId": "1"
}
[POST] /api/admin-panel/user-roles
Request body: {
  "UserId": "7",
  "RoleId": "1",
  "CompanyId": "2"
}
[POST] /api/login
Request body: {
  "username": "super_admin",
  "password": "[REDACTED]"
}
[POST] /api/select-company
Request body: {
  "userId": 7,
  "companyId": 3
}
[PUT] /api/form-settings/sapb1.salesOrder.formSettings.v2
Request body: {
  "settings": {
    "headerUdfs": {
      "U_CUSTNAM": {
        "visible": true,
        "active": true
      },
      "U_Freight": {
        "visible": true,
        "active": true
      },
      "U_TRNS": {
        "visible": true,
        "active": true
      },
      "U_DSTN": {
        "visible": true,
        "active": true
      },
      "U_DSTNADD": {
        "visible": true,
        "active": true
      },
      "U_FDSTN": {
        "visible": true,
        "active": true
      },
      "U_FDSTADD": {
        "visible": true,
        "active": true
      },
      "U_DOCTHR": {
        "visible": true,
        "active": true
      },
      "U_QRY": {
        "visible": true,
        "active": true
      },
      "U_RSLN": {
        "visible": true,
        "active": true
      },
      "U_QRYST": {
        "visible": true,
        "active": true
      },
      "U_LRNO": {
        "visible": true,
        "active": true
      },
      "U_LRDT": {
        "visible": true,
        "active": true
      },
      "U_VEHNO": {
        "visible": true,
        "active": true
      },
      "U_SCharge": {
        "visible": true,
        "active": true
      },
      "U_UOM": {
        "visible": true,
        "active": true
      },
      "U_Price": {
        "visible": true,
        "active": true
      },
      "U_SAmount": {
        "visible": true,
        "active": true
      },
      "U_TOS": {
        "visible": true,
        "active": true
      },
      "U_FromDate": {
        "visible": true,
        "active": true
      },
      "U_ToDate": {
        "visible": true,
        "active": true
      },
      "U_SalesValue": {
        "visible": true,
        "active": true
      },
      "U_VendorCode": {
        "visible": true,
        "active": true
      },
      "U_Bill_Party_Code": {
        "visible": true,
        "active": true
      },
      "U_Bill_PartyName": {
        "visible": true,
        "active": true
      },
      "U_Terms_of_Supply": {
        "visible": true,
        "active": true
      },
      "U_Payment": {
        "visible": true,
        "active": true
      },
      "U_Party_Address_Id": {
        "visible": true,
        "active": true
      },
      "U_Bill_Party_Address": {
        "visible": true,
        "active": true
      },
      "U_Party_Code": {
        "visible": true,
        "active": true
      },
      "U_Party_Name": {
        "visible": true,
        "active": true
      },
      "U_Address_ID_Party": {
        "visible": true,
        "active": true
      },
      "U_party_Address": {
        "visible": true,
        "active": true
      },
      "U_Invoice_No": {
        "visible": true,
        "active": true
      },
      "U_Invoice_Date": {
        "visible": true,
        "active": true
      },
      "U_Due_Date": {
        "visible": true,
        "active": true
      },
      "U_Amount": {
        "visible": true,
        "active": true
      },
      "U_Disp_Sch": {
        "visible": true,
        "active": true
      },
      "U_Contact_Id": {
        "visible": true,
        "active": true
      },
      "U_OL_IN": {
        "visible": true,
        "active": true
      },
      "U_Receipt_Amt": {
        "visible": true,
        "active": true
      },
      "U_B_FromDate": {
        "visible": true,
        "active": true
      },
      "U_B_ToDate": {
        "visible": true,
        "active": true
      },
      "U_Seller_Code": {
        "visible": true,
        "active": true
      },
      "U_Seller_Name": {
        "visible": true,
        "active": true
      },
      "U_Seller_AddressId": {
        "visible": true,
        "active": true
      },
      "U_Seller_Address": {
        "visible": true,
        "active": true
      },
      "U_Old_Soda_Nodh_No": {
        "visible": true,
        "active": true
      },
      "U_Old_Soda_Nodh_Date": {
        "visible": true,
        "active": true
      },
      "U_Canceled": {
        "visible": true,
        "active": true
      },
      "U_TrfId": {
        "visible": true,
        "active": true
      },
      "U_TrfName": {
        "visible": true,
        "active": true
      },
      "U_TrfVehi": {
        "visible": true,
        "active": true
      },
      "U_TrfDist": {
        "visible": true,
        "active": true
      },
      "U_TrfMode": {
        "visible": true,
        "active": true
      },
      "U_TrfVType": {
        "visible": true,
        "active": true
      },
      "U_AckNo": {
        "visible": true,
        "active": true
      },
      "U_AckDt": {
        "visible": true,
        "active": true
      },
      "U_CanDt": {
        "visible": true,
        "active": true
      },
      "U_QrCode": {
        "visible": true,
        "active": true
      },
      "U_SigInv": {
        "visible": true,
        "active": true
      },
      "U_EwbDt": {
        "visible": true,
        "active": true
      },
      "U_EwbVliDt": {
        "visible": true,
        "active": true
      },
      "U_EWayBCan": {
        "visible": true,
        "active": true
      },
      "U_TrfCode": {
        "visible": true,
        "active": true
      },
      "U_MultiVeh": {
        "visible": true,
        "active": true
      },
      "U_MultiVehPosted": {
        "visible": true,
        "active": true
      },
      "U_SubSuply": {
        "visible": true,
        "active": true
      },
      "U_DocType": {
        "visible": true,
        "active": true
      },
      "U_TraType": {
        "visible": true,
        "active": true
      },
      "U_DelRemarks": {
        "visible": true,
        "active": true
      }
    },
    "matrixColumns": {
      "itemNo": {
        "visible": true,
        "active": true
      },
      "itemDescription": {
        "visible": true,
        "active": true
      },
      "sellerQuality": {
        "visible": true,
        "active": true
      },
      "buyerQuality": {
        "visible": true,
        "active": true
      },
      "quantity": {
        "visible": true,
        "active": true
      },
      "unitPrice": {
        "visible": true,
        "active": true
      },
      "sellerPrice": {
        "visible": true,
        "active": true
      },
      "buyerPrice": {
        "visible": true,
        "active": true
      },
      "sellerDelivery": {
        "visible": true,
        "active": true
      },
      "buyerDelivery": {
        "visible": true,
        "active": true
      },
      "sellerBrokerageAmtPer": {
        "visible": true,
        "active": true
      },
      "sellerBrokeragePercent": {
        "visible": true,
        "active": true
      },
      "sellerBrokerage": {
        "visible": true,
        "active": true
      },
      "buyerBrokerage": {
        "visible": true,
        "active": true
      },
      "qtySpecialInstruction": {
        "visible": true,
        "active": true
      },
      "deliverySpecialInstruction": {
        "visible": true,
        "active": true
      },
      "buyerBillDiscount": {
        "visible": true,
        "active": true
      },
      "sellerBillDiscount": {
        "visible": true,
        "active": true
      },
      "deliveredQty": {
        "visible": true,
        "active": true
      },
      "stdDiscount": {
        "visible": true,
        "active": true
      },
      "stcode": {
        "visible": true,
        "active": true
      },
      "taxCode": {
        "visible": true,
        "active": true
      },
      "taxAmount": {
        "visible": true,
        "active": true
      },
      "totalLC": {
        "visible": true,
        "active": true
      },
      "whse": {
        "visible": true,
        "active": true
      },
      "distRule": {
        "visible": true,
        "active": true
      },
      "openQty": {
        "visible": true,
        "active": true
      },
      "countryOfOrigin": {
        "visible": true,
        "active": true
      },
      "freeText": {
        "visible": true,
        "active": true
      },
      "uomCode": {
        "visible": true,
        "active": true
      },
      "uomName": {
        "visible": true,
        "active": true
      },
      "loc": {
        "visible": true,
        "active": true
      },
      "specialRebate": {
        "visible": true,
        "active": true
      },
      "commission": {
        "visible": true,
        "active": true
      },
      "hsnCode": {
        "visible": true,
        "active": true
      },
      "sacCode": {
        "visible": true,
        "active": true
      },
      "buyerPaymentTerms": {
        "visible": true,
        "active": true
      },
      "sellerPaymentTerms": {
        "visible": true,
        "active": true
      },
      "freightPurchase": {
        "visible": true,
        "active": true
      },
      "freightSales": {
        "visible": true,
        "active": true
      },
      "freightProvider": {
        "visible": true,
        "active": true
      },
      "freightProviderName": {
        "visible": true,
        "active": true
      },
      "documentCreated": {
        "visible": true,
        "active": true
      },
      "brokerageNumber": {
        "visible": true,
        "active": true
      }
    },
    "rowUdfs": {
      "U_ItemCode": {
        "visible": true,
        "active": true
      },
      "U_Item_Desc": {
        "visible": true,
        "active": true
      },
      "U_UoM": {
        "visible": true,
        "active": true
      },
      "U_comby": {
        "visible": true,
        "active": true
      },
      "U_Loc": {
        "visible": true,
        "active": true
      },
      "U_Branch": {
        "visible": true,
        "active": true
      },
      "U_QcStatus": {
        "visible": true,
        "active": true
      }
    }
  }
}
[POST] /api/login
Request body: {
  "username": "super_admin",
  "password": "[REDACTED]"
}
[POST] /api/select-company
Request body: {
  "userId": 7,
  "companyId": 4
}
[POST] /api/login
Request body: {
  "username": "NC_User",
  "password": "[REDACTED]"
}
[POST] /api/select-company
Request body: {
  "userId": 5,
  "companyId": 3
}
[POST] /api/login
Request body: {
  "username": "NC_User",
  "password": "[REDACTED]"
}
[POST] /api/select-company
Request body: {
  "userId": 5,
  "companyId": 4
}
[DB] SQL Server pool connected to DESKTOP-ICFN0OJ/SQLEXPRESS01/NC_LIVE
[PUT] /api/form-settings/sapb1.dcSalesOrder.formSettings.v2
Request body: {
  "settings": {
    "headerUdfs": {
      "U_CUSTNAM": {
        "visible": true,
        "active": true
      },
      "U_Freight": {
        "visible": true,
        "active": true
      },
      "U_TRNS": {
        "visible": true,
        "active": true
      },
      "U_DSTN": {
        "visible": true,
        "active": true
      },
      "U_DSTNADD": {
        "visible": true,
        "active": true
      },
      "U_FDSTN": {
        "visible": true,
        "active": true
      },
      "U_FDSTADD": {
        "visible": true,
        "active": true
      },
      "U_DOCTHR": {
        "visible": true,
        "active": true
      },
      "U_QRY": {
        "visible": true,
        "active": true
      },
      "U_RSLN": {
        "visible": true,
        "active": true
      },
      "U_QRYST": {
        "visible": true,
        "active": true
      },
      "U_LRNO": {
        "visible": true,
        "active": true
      },
      "U_LRDT": {
        "visible": true,
        "active": true
      },
      "U_VEHNO": {
        "visible": true,
        "active": true
      },
      "U_SCharge": {
        "visible": true,
        "active": true
      },
      "U_UOM": {
        "visible": true,
        "active": true
      },
      "U_Price": {
        "visible": true,
        "active": true
      },
      "U_SAmount": {
        "visible": true,
        "active": true
      },
      "U_TOS": {
        "visible": true,
        "active": true
      },
      "U_FromDate": {
        "visible": true,
        "active": true
      },
      "U_ToDate": {
        "visible": true,
        "active": true
      },
      "U_SalesValue": {
        "visible": true,
        "active": true
      },
      "U_VendorCode": {
        "visible": true,
        "active": true
      },
      "U_Bill_Party_Code": {
        "visible": true,
        "active": true
      },
      "U_Bill_PartyName": {
        "visible": true,
        "active": true
      },
      "U_Terms_of_Supply": {
        "visible": true,
        "active": true
      },
      "U_Payment": {
        "visible": true,
        "active": true
      },
      "U_Party_Address_Id": {
        "visible": true,
        "active": true
      },
      "U_Bill_Party_Address": {
        "visible": true,
        "active": true
      },
      "U_Party_Code": {
        "visible": true,
        "active": true
      },
      "U_Party_Name": {
        "visible": true,
        "active": true
      },
      "U_Address_ID_Party": {
        "visible": true,
        "active": true
      },
      "U_party_Address": {
        "visible": true,
        "active": true
      },
      "U_Invoice_No": {
        "visible": true,
        "active": true
      },
      "U_Invoice_Date": {
        "visible": true,
        "active": true
      },
      "U_Due_Date": {
        "visible": true,
        "active": true
      },
      "U_Amount": {
        "visible": true,
        "active": true
      },
      "U_Disp_Sch": {
        "visible": true,
        "active": true
      },
      "U_Contact_Id": {
        "visible": true,
        "active": true
      },
      "U_OL_IN": {
        "visible": true,
        "active": true
      },
      "U_Receipt_Amt": {
        "visible": true,
        "active": true
      },
      "U_B_FromDate": {
        "visible": true,
        "active": true
      },
      "U_B_ToDate": {
        "visible": true,
        "active": true
      },
      "U_Seller_Code": {
        "visible": true,
        "active": true
      },
      "U_Seller_Name": {
        "visible": true,
        "active": true
      },
      "U_Seller_AddressId": {
        "visible": true,
        "active": true
      },
      "U_Seller_Address": {
        "visible": true,
        "active": true
      },
      "U_Old_Soda_Nodh_No": {
        "visible": true,
        "active": true
      },
      "U_Old_Soda_Nodh_Date": {
        "visible": true,
        "active": true
      },
      "U_Canceled": {
        "visible": true,
        "active": true
      },
      "U_TrfId": {
        "visible": true,
        "active": true
      },
      "U_TrfName": {
        "visible": true,
        "active": true
      },
      "U_TrfVehi": {
        "visible": true,
        "active": true
      },
      "U_TrfDist": {
        "visible": true,
        "active": true
      },
      "U_TrfMode": {
        "visible": true,
        "active": true
      },
      "U_TrfVType": {
        "visible": true,
        "active": true
      },
      "U_AckNo": {
        "visible": true,
        "active": true
      },
      "U_AckDt": {
        "visible": true,
        "active": true
      },
      "U_CanDt": {
        "visible": true,
        "active": true
      },
      "U_QrCode": {
        "visible": true,
        "active": true
      },
      "U_SigInv": {
        "visible": true,
        "active": true
      },
      "U_EwbDt": {
        "visible": true,
        "active": true
      },
      "U_EwbVliDt": {
        "visible": true,
        "active": true
      },
      "U_EWayBCan": {
        "visible": true,
        "active": true
      },
      "U_TrfCode": {
        "visible": true,
        "active": true
      },
      "U_MultiVeh": {
        "visible": true,
        "active": true
      },
      "U_MultiVehPosted": {
        "visible": true,
        "active": true
      },
      "U_SubSuply": {
        "visible": true,
        "active": true
      },
      "U_DocType": {
        "visible": true,
        "active": true
      },
      "U_TraType": {
        "visible": true,
        "active": true
      },
      "U_DelRemarks": {
        "visible": true,
        "active": true
      }
    },
    "matrixColumns": {
      "itemNo": {
        "visible": true,
        "active": true
      },
      "itemDescription": {
        "visible": true,
        "active": true
      },
      "unit": {
        "visible": true,
        "active": true
      },
      "quantity": {
        "visible": true,
        "active": true
      },
      "unitPrice": {
        "visible": true,
        "active": true
      },
      "discountAmount": {
        "visible": true,
        "active": true
      },
      "amount": {
        "visible": true,
        "active": true
      },
      "netRate": {
        "visible": true,
        "active": true
      },
      "taxableAmount": {
        "visible": true,
        "active": true
      },
      "totalLC": {
        "visible": true,
        "active": true
      },
      "taxCode": {
        "visible": true,
        "active": true
      },
      "taxAmount": {
        "visible": true,
        "active": true
      },
      "stdDiscount": {
        "visible": true,
        "active": true
      },
      "commissionAmountPerTon": {
        "visible": true,
        "active": true
      },
      "commissionPercent": {
        "visible": true,
        "active": true
      },
      "commissionAmount": {
        "visible": true,
        "active": true
      },
      "openQty": {
        "visible": true,
        "active": true
      },
      "countryOfOrigin": {
        "visible": true,
        "active": true
      },
      "loc": {
        "visible": true,
        "active": true
      },
      "hsnCode": {
        "visible": true,
        "active": true
      },
      "sacCode": {
        "visible": true,
        "active": true
      },
      "sellerQuality": {
        "visible": false,
        "active": true
      },
      "buyerQuality": {
        "visible": false,
        "active": true
      },
      "sellerPrice": {
        "visible": false,
        "active": true
      },
      "buyerPrice": {
        "visible": false,
        "active": true
      },
      "sellerDelivery": {
        "visible": false,
        "active": true
      },
      "buyerDelivery": {
        "visible": false,
        "active": true
      },
      "sellerBrokerageAmtPer": {
        "visible": false,
        "active": true
      },
      "sellerBrokeragePercent": {
        "visible": false,
        "active": true
      },
      "sellerBrokerage": {
        "visible": false,
        "active": true
      },
      "buyerBrokerage": {
        "visible": false,
        "active": true
      },
      "qtySpecialInstruction": {
        "visible": false,
        "active": true
      },
      "deliverySpecialInstruction": {
        "visible": false,
        "active": true
      },
      "buyerBillDiscount": {
        "visible": false,
        "active": true
      },
      "sellerBillDiscount": {
        "visible": false,
        "active": true
      },
      "deliveredQty": {
        "visible": false,
        "active": true
      },
      "stcode": {
        "visible": false,
        "active": true
      },
      "whse": {
        "visible": false,
        "active": true
      },
      "distRule": {
        "visible": false,
        "active": true
      },
      "freeText": {
        "visible": false,
        "active": true
      },
      "uomCode": {
        "visible": false,
        "active": true
      },
      "uomName": {
        "visible": false,
        "active": true
      },
      "specialRebate": {
        "visible": false,
        "active": true
      },
      "commission": {
        "visible": false,
        "active": true
      },
      "sellerBrokeragePerQty": {
        "visible": false,
        "active": true
      },
      "buyerPaymentTerms": {
        "visible": false,
        "active": true
      },
      "sellerPaymentTerms": {
        "visible": false,
        "active": true
      },
      "freightPurchase": {
        "visible": false,
        "active": true
      },
      "freightSales": {
        "visible": false,
        "active": true
      },
      "freightProvider": {
        "visible": false,
        "active": true
      },
      "freightProviderName": {
        "visible": false,
        "active": true
      },
      "documentCreated": {
        "visible": false,
        "active": true
      },
      "brokerageNumber": {
        "visible": false,
        "active": true
      }
    },
    "rowUdfs": {
      "U_ItemCode": {
        "visible": true,
        "active": true
      },
      "U_Item_Desc": {
        "visible": true,
        "active": true
      },
      "U_UoM": {
        "visible": true,
        "active": true
      },
      "U_comby": {
        "visible": true,
        "active": true
      },
      "U_Loc": {
        "visible": true,
        "active": true
      },
      "U_Branch": {
        "visible": true,
        "active": true
      },
      "U_QcStatus": {
        "visible": true,
        "active": true
      },
      "U_Order_Qty": {
        "visible": true,
        "active": true
      },
      "U_Rate": {
        "visible": true,
        "active": true
      },
      "U_Amount": {
        "visible": true,
        "active": true
      },
      "U_Disc_Rate": {
        "visible": true,
        "active": true
      },
      "U_Disc_Amount": {
        "visible": true,
        "active": true
      }
    }
  }
}
[PUT] /api/form-settings/sapb1.dcSalesOrder.formSettings.v2
Request body: {
  "settings": {
    "headerUdfs": {
      "U_CUSTNAM": {
        "visible": true,
        "active": true
      },
      "U_Freight": {
        "visible": true,
        "active": true
      },
      "U_TRNS": {
        "visible": true,
        "active": true
      },
      "U_DSTN": {
        "visible": true,
        "active": true
      },
      "U_DSTNADD": {
        "visible": true,
        "active": true
      },
      "U_FDSTN": {
        "visible": true,
        "active": true
      },
      "U_FDSTADD": {
        "visible": true,
        "active": true
      },
      "U_DOCTHR": {
        "visible": true,
        "active": true
      },
      "U_QRY": {
        "visible": true,
        "active": true
      },
      "U_RSLN": {
        "visible": true,
        "active": true
      },
      "U_QRYST": {
        "visible": true,
        "active": true
      },
      "U_LRNO": {
        "visible": true,
        "active": true
      },
      "U_LRDT": {
        "visible": true,
        "active": true
      },
      "U_VEHNO": {
        "visible": true,
        "active": true
      },
      "U_SCharge": {
        "visible": true,
        "active": true
      },
      "U_UOM": {
        "visible": true,
        "active": true
      },
      "U_Price": {
        "visible": true,
        "active": true
      },
      "U_SAmount": {
        "visible": true,
        "active": true
      },
      "U_TOS": {
        "visible": true,
        "active": true
      },
      "U_FromDate": {
        "visible": true,
        "active": true
      },
      "U_ToDate": {
        "visible": true,
        "active": true
      },
      "U_SalesValue": {
        "visible": true,
        "active": true
      },
      "U_VendorCode": {
        "visible": true,
        "active": true
      },
      "U_Bill_Party_Code": {
        "visible": true,
        "active": true
      },
      "U_Bill_PartyName": {
        "visible": true,
        "active": true
      },
      "U_Terms_of_Supply": {
        "visible": true,
        "active": true
      },
      "U_Payment": {
        "visible": true,
        "active": true
      },
      "U_Party_Address_Id": {
        "visible": true,
        "active": true
      },
      "U_Bill_Party_Address": {
        "visible": true,
        "active": true
      },
      "U_Party_Code": {
        "visible": true,
        "active": true
      },
      "U_Party_Name": {
        "visible": true,
        "active": true
      },
      "U_Address_ID_Party": {
        "visible": true,
        "active": true
      },
      "U_party_Address": {
        "visible": true,
        "active": true
      },
      "U_Invoice_No": {
        "visible": true,
        "active": true
      },
      "U_Invoice_Date": {
        "visible": true,
        "active": true
      },
      "U_Due_Date": {
        "visible": true,
        "active": true
      },
      "U_Amount": {
        "visible": true,
        "active": true
      },
      "U_Disp_Sch": {
        "visible": true,
        "active": true
      },
      "U_Contact_Id": {
        "visible": true,
        "active": true
      },
      "U_OL_IN": {
        "visible": true,
        "active": true
      },
      "U_Receipt_Amt": {
        "visible": true,
        "active": true
      },
      "U_B_FromDate": {
        "visible": true,
        "active": true
      },
      "U_B_ToDate": {
        "visible": true,
        "active": true
      },
      "U_Seller_Code": {
        "visible": true,
        "active": true
      },
      "U_Seller_Name": {
        "visible": true,
        "active": true
      },
      "U_Seller_AddressId": {
        "visible": true,
        "active": true
      },
      "U_Seller_Address": {
        "visible": true,
        "active": true
      },
      "U_Old_Soda_Nodh_No": {
        "visible": true,
        "active": true
      },
      "U_Old_Soda_Nodh_Date": {
        "visible": true,
        "active": true
      },
      "U_Canceled": {
        "visible": true,
        "active": true
      },
      "U_TrfId": {
        "visible": true,
        "active": true
      },
      "U_TrfName": {
        "visible": true,
        "active": true
      },
      "U_TrfVehi": {
        "visible": true,
        "active": true
      },
      "U_TrfDist": {
        "visible": true,
        "active": true
      },
      "U_TrfMode": {
        "visible": true,
        "active": true
      },
      "U_TrfVType": {
        "visible": true,
        "active": true
      },
      "U_AckNo": {
        "visible": true,
        "active": true
      },
      "U_AckDt": {
        "visible": true,
        "active": true
      },
      "U_CanDt": {
        "visible": true,
        "active": true
      },
      "U_QrCode": {
        "visible": true,
        "active": true
      },
      "U_SigInv": {
        "visible": true,
        "active": true
      },
      "U_EwbDt": {
        "visible": true,
        "active": true
      },
      "U_EwbVliDt": {
        "visible": true,
        "active": true
      },
      "U_EWayBCan": {
        "visible": true,
        "active": true
      },
      "U_TrfCode": {
        "visible": true,
        "active": true
      },
      "U_MultiVeh": {
        "visible": true,
        "active": true
      },
      "U_MultiVehPosted": {
        "visible": true,
        "active": true
      },
      "U_SubSuply": {
        "visible": true,
        "active": true
      },
      "U_DocType": {
        "visible": true,
        "active": true
      },
      "U_TraType": {
        "visible": true,
        "active": true
      },
      "U_DelRemarks": {
        "visible": true,
        "active": true
      }
    },
    "matrixColumns": {
      "itemNo": {
        "visible": true,
        "active": true
      },
      "itemDescription": {
        "visible": true,
        "active": true
      },
      "unit": {
        "visible": true,
        "active": true
      },
      "quantity": {
        "visible": true,
        "active": true
      },
      "unitPrice": {
        "visible": true,
        "active": true
      },
      "discountAmount": {
        "visible": true,
        "active": true
      },
      "amount": {
        "visible": true,
        "active": true
      },
      "netRate": {
        "visible": true,
        "active": true
      },
      "taxableAmount": {
        "visible": true,
        "active": true
      },
      "totalLC": {
        "visible": true,
        "active": true
      },
      "taxCode": {
        "visible": true,
        "active": true
      },
      "taxAmount": {
        "visible": true,
        "active": true
      },
      "stdDiscount": {
        "visible": true,
        "active": true
      },
      "commissionAmountPerTon": {
        "visible": true,
        "active": true
      },
      "commissionPercent": {
        "visible": true,
        "active": true
      },
      "commissionAmount": {
        "visible": true,
        "active": true
      },
      "openQty": {
        "visible": true,
        "active": true
      },
      "countryOfOrigin": {
        "visible": true,
        "active": true
      },
      "loc": {
        "visible": true,
        "active": true
      },
      "hsnCode": {
        "visible": true,
        "active": true
      },
      "sacCode": {
        "visible": true,
        "active": true
      },
      "sellerQuality": {
        "visible": false,
        "active": true
      },
      "buyerQuality": {
        "visible": false,
        "active": true
      },
      "sellerPrice": {
        "visible": false,
        "active": true
      },
      "buyerPrice": {
        "visible": false,
        "active": true
      },
      "sellerDelivery": {
        "visible": false,
        "active": true
      },
      "buyerDelivery": {
        "visible": false,
        "active": true
      },
      "sellerBrokerageAmtPer": {
        "visible": false,
        "active": true
      },
      "sellerBrokeragePercent": {
        "visible": false,
        "active": true
      },
      "sellerBrokerage": {
        "visible": false,
        "active": true
      },
      "buyerBrokerage": {
        "visible": false,
        "active": true
      },
      "qtySpecialInstruction": {
        "visible": false,
        "active": true
      },
      "deliverySpecialInstruction": {
        "visible": false,
        "active": true
      },
      "buyerBillDiscount": {
        "visible": false,
        "active": true
      },
      "sellerBillDiscount": {
        "visible": false,
        "active": true
      },
      "deliveredQty": {
        "visible": false,
        "active": true
      },
      "stcode": {
        "visible": false,
        "active": true
      },
      "whse": {
        "visible": false,
        "active": true
      },
      "distRule": {
        "visible": false,
        "active": true
      },
      "freeText": {
        "visible": false,
        "active": true
      },
      "uomCode": {
        "visible": false,
        "active": true
      },
      "uomName": {
        "visible": false,
        "active": true
      },
      "specialRebate": {
        "visible": false,
        "active": true
      },
      "commission": {
        "visible": false,
        "active": true
      },
      "sellerBrokeragePerQty": {
        "visible": false,
        "active": true
      },
      "buyerPaymentTerms": {
        "visible": false,
        "active": true
      },
      "sellerPaymentTerms": {
        "visible": false,
        "active": true
      },
      "freightPurchase": {
        "visible": false,
        "active": true
      },
      "freightSales": {
        "visible": false,
        "active": true
      },
      "freightProvider": {
        "visible": false,
        "active": true
      },
      "freightProviderName": {
        "visible": false,
        "active": true
      },
      "documentCreated": {
        "visible": false,
        "active": true
      },
      "brokerageNumber": {
        "visible": false,
        "active": true
      }
    },
    "rowUdfs": {
      "U_ItemCode": {
        "visible": true,
        "active": true
      },
      "U_Item_Desc": {
        "visible": true,
        "active": true
      },
      "U_UoM": {
        "visible": true,
        "active": true
      },
      "U_comby": {
        "visible": true,
        "active": true
      },
      "U_Loc": {
        "visible": true,
        "active": true
      },
      "U_Branch": {
        "visible": true,
        "active": true
      },
      "U_QcStatus": {
        "visible": true,
        "active": true
      },
      "U_Order_Qty": {
        "visible": true,
        "active": true
      },
      "U_Rate": {
        "visible": true,
        "active": true
      },
      "U_Amount": {
        "visible": true,
        "active": true
      },
      "U_Disc_Rate": {
        "visible": true,
        "active": true
      },
      "U_Disc_Amount": {
        "visible": true,
        "active": true
      }
    }
  }
}
[PUT] /api/form-settings/sapb1.dcSalesOrder.formSettings.v2
Request body: {
  "settings": {
    "headerUdfs": {
      "U_CUSTNAM": {
        "visible": true,
        "active": true
      },
      "U_Freight": {
        "visible": true,
        "active": true
      },
      "U_TRNS": {
        "visible": true,
        "active": true
      },
      "U_DSTN": {
        "visible": true,
        "active": true
      },
      "U_DSTNADD": {
        "visible": true,
        "active": true
      },
      "U_FDSTN": {
        "visible": true,
        "active": true
      },
      "U_FDSTADD": {
        "visible": true,
        "active": true
      },
      "U_DOCTHR": {
        "visible": true,
        "active": true
      },
      "U_QRY": {
        "visible": true,
        "active": true
      },
      "U_RSLN": {
        "visible": true,
        "active": true
      },
      "U_QRYST": {
        "visible": true,
        "active": true
      },
      "U_LRNO": {
        "visible": true,
        "active": true
      },
      "U_LRDT": {
        "visible": true,
        "active": true
      },
      "U_VEHNO": {
        "visible": true,
        "active": true
      },
      "U_SCharge": {
        "visible": true,
        "active": true
      },
      "U_UOM": {
        "visible": true,
        "active": true
      },
      "U_Price": {
        "visible": true,
        "active": true
      },
      "U_SAmount": {
        "visible": true,
        "active": true
      },
      "U_TOS": {
        "visible": true,
        "active": true
      },
      "U_FromDate": {
        "visible": true,
        "active": true
      },
      "U_ToDate": {
        "visible": true,
        "active": true
      },
      "U_SalesValue": {
        "visible": true,
        "active": true
      },
      "U_VendorCode": {
        "visible": true,
        "active": true
      },
      "U_Bill_Party_Code": {
        "visible": true,
        "active": true
      },
      "U_Bill_PartyName": {
        "visible": true,
        "active": true
      },
      "U_Terms_of_Supply": {
        "visible": true,
        "active": true
      },
      "U_Payment": {
        "visible": true,
        "active": true
      },
      "U_Party_Address_Id": {
        "visible": true,
        "active": true
      },
      "U_Bill_Party_Address": {
        "visible": true,
        "active": true
      },
      "U_Party_Code": {
        "visible": true,
        "active": true
      },
      "U_Party_Name": {
        "visible": true,
        "active": true
      },
      "U_Address_ID_Party": {
        "visible": true,
        "active": true
      },
      "U_party_Address": {
        "visible": true,
        "active": true
      },
      "U_Invoice_No": {
        "visible": true,
        "active": true
      },
      "U_Invoice_Date": {
        "visible": true,
        "active": true
      },
      "U_Due_Date": {
        "visible": true,
        "active": true
      },
      "U_Amount": {
        "visible": true,
        "active": true
      },
      "U_Disp_Sch": {
        "visible": true,
        "active": true
      },
      "U_Contact_Id": {
        "visible": true,
        "active": true
      },
      "U_OL_IN": {
        "visible": true,
        "active": true
      },
      "U_Receipt_Amt": {
        "visible": true,
        "active": true
      },
      "U_B_FromDate": {
        "visible": true,
        "active": true
      },
      "U_B_ToDate": {
        "visible": true,
        "active": true
      },
      "U_Seller_Code": {
        "visible": true,
        "active": true
      },
      "U_Seller_Name": {
        "visible": true,
        "active": true
      },
      "U_Seller_AddressId": {
        "visible": true,
        "active": true
      },
      "U_Seller_Address": {
        "visible": true,
        "active": true
      },
      "U_Old_Soda_Nodh_No": {
        "visible": true,
        "active": true
      },
      "U_Old_Soda_Nodh_Date": {
        "visible": true,
        "active": true
      },
      "U_Canceled": {
        "visible": true,
        "active": true
      },
      "U_TrfId": {
        "visible": true,
        "active": true
      },
      "U_TrfName": {
        "visible": true,
        "active": true
      },
      "U_TrfVehi": {
        "visible": true,
        "active": true
      },
      "U_TrfDist": {
        "visible": true,
        "active": true
      },
      "U_TrfMode": {
        "visible": true,
        "active": true
      },
      "U_TrfVType": {
        "visible": true,
        "active": true
      },
      "U_AckNo": {
        "visible": true,
        "active": true
      },
      "U_AckDt": {
        "visible": true,
        "active": true
      },
      "U_CanDt": {
        "visible": true,
        "active": true
      },
      "U_QrCode": {
        "visible": true,
        "active": true
      },
      "U_SigInv": {
        "visible": true,
        "active": true
      },
      "U_EwbDt": {
        "visible": true,
        "active": true
      },
      "U_EwbVliDt": {
        "visible": true,
        "active": true
      },
      "U_EWayBCan": {
        "visible": true,
        "active": true
      },
      "U_TrfCode": {
        "visible": true,
        "active": true
      },
      "U_MultiVeh": {
        "visible": true,
        "active": true
      },
      "U_MultiVehPosted": {
        "visible": true,
        "active": true
      },
      "U_SubSuply": {
        "visible": true,
        "active": true
      },
      "U_DocType": {
        "visible": true,
        "active": true
      },
      "U_TraType": {
        "visible": true,
        "active": true
      },
      "U_DelRemarks": {
        "visible": true,
        "active": true
      }
    },
    "matrixColumns": {
      "itemNo": {
        "visible": true,
        "active": true
      },
      "itemDescription": {
        "visible": true,
        "active": true
      },
      "unit": {
        "visible": true,
        "active": true
      },
      "quantity": {
        "visible": true,
        "active": true
      },
      "unitPrice": {
        "visible": true,
        "active": true
      },
      "discountAmount": {
        "visible": true,
        "active": true
      },
      "amount": {
        "visible": true,
        "active": true
      },
      "netRate": {
        "visible": true,
        "active": true
      },
      "taxableAmount": {
        "visible": true,
        "active": true
      },
      "totalLC": {
        "visible": true,
        "active": true
      },
      "taxCode": {
        "visible": true,
        "active": true
      },
      "taxAmount": {
        "visible": true,
        "active": true
      },
      "stdDiscount": {
        "visible": true,
        "active": true
      },
      "commissionAmountPerTon": {
        "visible": true,
        "active": true
      },
      "commissionPercent": {
        "visible": true,
        "active": true
      },
      "commissionAmount": {
        "visible": true,
        "active": true
      },
      "openQty": {
        "visible": true,
        "active": true
      },
      "countryOfOrigin": {
        "visible": true,
        "active": true
      },
      "loc": {
        "visible": true,
        "active": true
      },
      "hsnCode": {
        "visible": true,
        "active": true
      },
      "sacCode": {
        "visible": true,
        "active": true
      },
      "sellerQuality": {
        "visible": false,
        "active": true
      },
      "buyerQuality": {
        "visible": false,
        "active": true
      },
      "sellerPrice": {
        "visible": false,
        "active": true
      },
      "buyerPrice": {
        "visible": false,
        "active": true
      },
      "sellerDelivery": {
        "visible": false,
        "active": true
      },
      "buyerDelivery": {
        "visible": false,
        "active": true
      },
      "sellerBrokerageAmtPer": {
        "visible": false,
        "active": true
      },
      "sellerBrokeragePercent": {
        "visible": false,
        "active": true
      },
      "sellerBrokerage": {
        "visible": false,
        "active": true
      },
      "buyerBrokerage": {
        "visible": false,
        "active": true
      },
      "qtySpecialInstruction": {
        "visible": false,
        "active": true
      },
      "deliverySpecialInstruction": {
        "visible": false,
        "active": true
      },
      "buyerBillDiscount": {
        "visible": false,
        "active": true
      },
      "sellerBillDiscount": {
        "visible": false,
        "active": true
      },
      "deliveredQty": {
        "visible": false,
        "active": true
      },
      "stcode": {
        "visible": false,
        "active": true
      },
      "whse": {
        "visible": false,
        "active": true
      },
      "distRule": {
        "visible": false,
        "active": true
      },
      "freeText": {
        "visible": false,
        "active": true
      },
      "uomCode": {
        "visible": false,
        "active": true
      },
      "uomName": {
        "visible": false,
        "active": true
      },
      "specialRebate": {
        "visible": false,
        "active": true
      },
      "commission": {
        "visible": false,
        "active": true
      },
      "sellerBrokeragePerQty": {
        "visible": false,
        "active": true
      },
      "buyerPaymentTerms": {
        "visible": false,
        "active": true
      },
      "sellerPaymentTerms": {
        "visible": false,
        "active": true
      },
      "freightPurchase": {
        "visible": false,
        "active": true
      },
      "freightSales": {
        "visible": false,
        "active": true
      },
      "freightProvider": {
        "visible": false,
        "active": true
      },
      "freightProviderName": {
        "visible": false,
        "active": true
      },
      "documentCreated": {
        "visible": false,
        "active": true
      },
      "brokerageNumber": {
        "visible": false,
        "active": true
      }
    },
    "rowUdfs": {
      "U_ItemCode": {
        "visible": true,
        "active": true
      },
      "U_Item_Desc": {
        "visible": true,
        "active": true
      },
      "U_UoM": {
        "visible": true,
        "active": true
      },
      "U_comby": {
        "visible": true,
        "active": true
      },
      "U_Loc": {
        "visible": true,
        "active": true
      },
      "U_Branch": {
        "visible": true,
        "active": true
      },
      "U_QcStatus": {
        "visible": true,
        "active": true
      },
      "U_Order_Qty": {
        "visible": true,
        "active": true
      },
      "U_Rate": {
        "visible": true,
        "active": true
      },
      "U_Amount": {
        "visible": true,
        "active": true
      },
      "U_Disc_Rate": {
        "visible": true,
        "active": true
      },
      "U_Disc_Amount": {
        "visible": true,
        "active": true
      }
    }
  }
}
[PUT] /api/form-settings/sapb1.ncSalesOrder.formSettings.v2
Request body: {
  "settings": {
    "headerUdfs": {
      "U_CUSTNAM": {
        "visible": true,
        "active": true
      },
      "U_Freight": {
        "visible": true,
        "active": true
      },
      "U_TRNS": {
        "visible": true,
        "active": true
      },
      "U_DSTN": {
        "visible": true,
        "active": true
      },
      "U_DSTNADD": {
        "visible": true,
        "active": true
      },
      "U_FDSTN": {
        "visible": true,
        "active": true
      },
      "U_FDSTADD": {
        "visible": true,
        "active": true
      },
      "U_DOCTHR": {
        "visible": true,
        "active": true
      },
      "U_QRY": {
        "visible": true,
        "active": true
      },
      "U_RSLN": {
        "visible": true,
        "active": true
      },
      "U_QRYST": {
        "visible": true,
        "active": true
      },
      "U_LRNO": {
        "visible": true,
        "active": true
      },
      "U_LRDT": {
        "visible": true,
        "active": true
      },
      "U_VEHNO": {
        "visible": true,
        "active": true
      },
      "U_SCharge": {
        "visible": true,
        "active": true
      },
      "U_UOM": {
        "visible": true,
        "active": true
      },
      "U_Price": {
        "visible": true,
        "active": true
      },
      "U_SAmount": {
        "visible": true,
        "active": true
      },
      "U_TOS": {
        "visible": true,
        "active": true
      },
      "U_FromDate": {
        "visible": true,
        "active": true
      },
      "U_ToDate": {
        "visible": true,
        "active": true
      },
      "U_SalesValue": {
        "visible": true,
        "active": true
      },
      "U_VendorCode": {
        "visible": true,
        "active": true
      },
      "U_Bill_Party_Code": {
        "visible": true,
        "active": true
      },
      "U_Bill_PartyName": {
        "visible": true,
        "active": true
      },
      "U_Terms_of_Supply": {
        "visible": true,
        "active": true
      },
      "U_Payment": {
        "visible": true,
        "active": true
      },
      "U_Party_Address_Id": {
        "visible": true,
        "active": true
      },
      "U_Bill_Party_Address": {
        "visible": true,
        "active": true
      },
      "U_Party_Code": {
        "visible": true,
        "active": true
      },
      "U_Party_Name": {
        "visible": true,
        "active": true
      },
      "U_Address_ID_Party": {
        "visible": true,
        "active": true
      },
      "U_party_Address": {
        "visible": true,
        "active": true
      },
      "U_Invoice_No": {
        "visible": true,
        "active": true
      },
      "U_Invoice_Date": {
        "visible": true,
        "active": true
      },
      "U_Due_Date": {
        "visible": true,
        "active": true
      },
      "U_Amount": {
        "visible": true,
        "active": true
      },
      "U_Disp_Sch": {
        "visible": true,
        "active": true
      },
      "U_Contact_Id": {
        "visible": true,
        "active": true
      },
      "U_OL_IN": {
        "visible": true,
        "active": true
      },
      "U_Receipt_Amt": {
        "visible": true,
        "active": true
      },
      "U_B_FromDate": {
        "visible": true,
        "active": true
      },
      "U_B_ToDate": {
        "visible": true,
        "active": true
      },
      "U_Seller_Code": {
        "visible": true,
        "active": true
      },
      "U_Seller_Name": {
        "visible": true,
        "active": true
      },
      "U_Seller_AddressId": {
        "visible": true,
        "active": true
      },
      "U_Seller_Address": {
        "visible": true,
        "active": true
      },
      "U_Old_Soda_Nodh_No": {
        "visible": true,
        "active": true
      },
      "U_Old_Soda_Nodh_Date": {
        "visible": true,
        "active": true
      },
      "U_Canceled": {
        "visible": true,
        "active": true
      },
      "U_TrfId": {
        "visible": true,
        "active": true
      },
      "U_TrfName": {
        "visible": true,
        "active": true
      },
      "U_TrfVehi": {
        "visible": true,
        "active": true
      },
      "U_TrfDist": {
        "visible": true,
        "active": true
      },
      "U_TrfMode": {
        "visible": true,
        "active": true
      },
      "U_TrfVType": {
        "visible": true,
        "active": true
      },
      "U_AckNo": {
        "visible": true,
        "active": true
      },
      "U_AckDt": {
        "visible": true,
        "active": true
      },
      "U_CanDt": {
        "visible": true,
        "active": true
      },
      "U_QrCode": {
        "visible": true,
        "active": true
      },
      "U_SigInv": {
        "visible": true,
        "active": true
      },
      "U_EwbDt": {
        "visible": true,
        "active": true
      },
      "U_EwbVliDt": {
        "visible": true,
        "active": true
      },
      "U_EWayBCan": {
        "visible": true,
        "active": true
      },
      "U_TrfCode": {
        "visible": true,
        "active": true
      },
      "U_MultiVeh": {
        "visible": true,
        "active": true
      },
      "U_MultiVehPosted": {
        "visible": true,
        "active": true
      },
      "U_SubSuply": {
        "visible": true,
        "active": true
      },
      "U_DocType": {
        "visible": true,
        "active": true
      },
      "U_TraType": {
        "visible": true,
        "active": true
      },
      "U_DelRemarks": {
        "visible": true,
        "active": true
      }
    },
    "matrixColumns": {
      "itemNo": {
        "visible": true,
        "active": true
      },
      "itemDescription": {
        "visible": true,
        "active": true
      },
      "unit": {
        "visible": true,
        "active": true
      },
      "quantity": {
        "visible": true,
        "active": true
      },
      "unitPrice": {
        "visible": true,
        "active": true
      },
      "discountAmount": {
        "visible": true,
        "active": true
      },
      "amount": {
        "visible": true,
        "active": true
      },
      "netRate": {
        "visible": true,
        "active": true
      },
      "taxableAmount": {
        "visible": true,
        "active": true
      },
      "totalLC": {
        "visible": true,
        "active": true
      },
      "taxCode": {
        "visible": true,
        "active": true
      },
      "taxAmount": {
        "visible": true,
        "active": true
      },
      "stdDiscount": {
        "visible": true,
        "active": true
      },
      "commissionAmountPerTon": {
        "visible": true,
        "active": true
      },
      "commissionPercent": {
        "visible": true,
        "active": true
      },
      "commissionAmount": {
        "visible": true,
        "active": true
      },
      "openQty": {
        "visible": true,
        "active": true
      },
      "countryOfOrigin": {
        "visible": true,
        "active": true
      },
      "loc": {
        "visible": true,
        "active": true
      },
      "hsnCode": {
        "visible": true,
        "active": true
      },
      "sacCode": {
        "visible": true,
        "active": true
      },
      "sellerQuality": {
        "visible": false,
        "active": true
      },
      "buyerQuality": {
        "visible": false,
        "active": true
      },
      "sellerPrice": {
        "visible": false,
        "active": true
      },
      "buyerPrice": {
        "visible": false,
        "active": true
      },
      "sellerDelivery": {
        "visible": false,
        "active": true
      },
      "buyerDelivery": {
        "visible": false,
        "active": true
      },
      "sellerBrokerageAmtPer": {
        "visible": false,
        "active": true
      },
      "sellerBrokeragePercent": {
        "visible": false,
        "active": true
      },
      "sellerBrokerage": {
        "visible": false,
        "active": true
      },
      "buyerBrokerage": {
        "visible": false,
        "active": true
      },
      "qtySpecialInstruction": {
        "visible": false,
        "active": true
      },
      "deliverySpecialInstruction": {
        "visible": false,
        "active": true
      },
      "buyerBillDiscount": {
        "visible": false,
        "active": true
      },
      "sellerBillDiscount": {
        "visible": false,
        "active": true
      },
      "deliveredQty": {
        "visible": false,
        "active": true
      },
      "stcode": {
        "visible": false,
        "active": true
      },
      "whse": {
        "visible": false,
        "active": true
      },
      "distRule": {
        "visible": false,
        "active": true
      },
      "freeText": {
        "visible": false,
        "active": true
      },
      "uomCode": {
        "visible": false,
        "active": true
      },
      "uomName": {
        "visible": false,
        "active": true
      },
      "specialRebate": {
        "visible": false,
        "active": true
      },
      "commission": {
        "visible": false,
        "active": true
      },
      "sellerBrokeragePerQty": {
        "visible": false,
        "active": true
      },
      "buyerPaymentTerms": {
        "visible": false,
        "active": true
      },
      "sellerPaymentTerms": {
        "visible": false,
        "active": true
      },
      "freightPurchase": {
        "visible": false,
        "active": true
      },
      "freightSales": {
        "visible": false,
        "active": true
      },
      "freightProvider": {
        "visible": false,
        "active": true
      },
      "freightProviderName": {
        "visible": false,
        "active": true
      },
      "documentCreated": {
        "visible": false,
        "active": true
      },
      "brokerageNumber": {
        "visible": false,
        "active": true
      }
    },
    "rowUdfs": {
      "U_ItemCode": {
        "visible": true,
        "active": true
      },
      "U_Item_Desc": {
        "visible": true,
        "active": true
      },
      "U_UoM": {
        "visible": true,
        "active": true
      },
      "U_comby": {
        "visible": true,
        "active": true
      },
      "U_Loc": {
        "visible": true,
        "active": true
      },
      "U_Branch": {
        "visible": true,
        "active": true
      },
      "U_QcStatus": {
        "visible": true,
        "active": true
      }
    }
  }
}
[PUT] /api/form-settings/sapb1.salesOrder.formSettings.v2
Request body: {
  "settings": {
    "headerUdfs": {
      "U_CUSTNAM": {
        "visible": true,
        "active": true
      },
      "U_Freight": {
        "visible": true,
        "active": true
      },
      "U_TRNS": {
        "visible": true,
        "active": true
      },
      "U_DSTN": {
        "visible": true,
        "active": true
      },
      "U_DSTNADD": {
        "visible": true,
        "active": true
      },
      "U_FDSTN": {
        "visible": true,
        "active": true
      },
      "U_FDSTADD": {
        "visible": true,
        "active": true
      },
      "U_DOCTHR": {
        "visible": true,
        "active": true
      },
      "U_QRY": {
        "visible": true,
        "active": true
      },
      "U_RSLN": {
        "visible": true,
        "active": true
      },
      "U_QRYST": {
        "visible": true,
        "active": true
      },
      "U_LRNO": {
        "visible": true,
        "active": true
      },
      "U_LRDT": {
        "visible": true,
        "active": true
      },
      "U_VEHNO": {
        "visible": true,
        "active": true
      },
      "U_SCharge": {
        "visible": true,
        "active": true
      },
      "U_UOM": {
        "visible": true,
        "active": true
      },
      "U_Price": {
        "visible": true,
        "active": true
      },
      "U_SAmount": {
        "visible": true,
        "active": true
      },
      "U_TOS": {
        "visible": true,
        "active": true
      },
      "U_FromDate": {
        "visible": true,
        "active": true
      },
      "U_ToDate": {
        "visible": true,
        "active": true
      },
      "U_SalesValue": {
        "visible": true,
        "active": true
      },
      "U_VendorCode": {
        "visible": true,
        "active": true
      },
      "U_Bill_Party_Code": {
        "visible": true,
        "active": true
      },
      "U_Bill_PartyName": {
        "visible": true,
        "active": true
      },
      "U_Terms_of_Supply": {
        "visible": true,
        "active": true
      },
      "U_Payment": {
        "visible": true,
        "active": true
      },
      "U_Party_Address_Id": {
        "visible": true,
        "active": true
      },
      "U_Bill_Party_Address": {
        "visible": true,
        "active": true
      },
      "U_Party_Code": {
        "visible": true,
        "active": true
      },
      "U_Party_Name": {
        "visible": true,
        "active": true
      },
      "U_Address_ID_Party": {
        "visible": true,
        "active": true
      },
      "U_party_Address": {
        "visible": true,
        "active": true
      },
      "U_Invoice_No": {
        "visible": true,
        "active": true
      },
      "U_Invoice_Date": {
        "visible": true,
        "active": true
      },
      "U_Due_Date": {
        "visible": true,
        "active": true
      },
      "U_Amount": {
        "visible": true,
        "active": true
      },
      "U_Disp_Sch": {
        "visible": true,
        "active": true
      },
      "U_Contact_Id": {
        "visible": true,
        "active": true
      },
      "U_OL_IN": {
        "visible": true,
        "active": true
      },
      "U_Receipt_Amt": {
        "visible": true,
        "active": true
      },
      "U_B_FromDate": {
        "visible": true,
        "active": true
      },
      "U_B_ToDate": {
        "visible": true,
        "active": true
      },
      "U_Seller_Code": {
        "visible": true,
        "active": true
      },
      "U_Seller_Name": {
        "visible": true,
        "active": true
      },
      "U_Seller_AddressId": {
        "visible": true,
        "active": true
      },
      "U_Seller_Address": {
        "visible": true,
        "active": true
      },
      "U_Old_Soda_Nodh_No": {
        "visible": true,
        "active": true
      },
      "U_Old_Soda_Nodh_Date": {
        "visible": true,
        "active": true
      },
      "U_Canceled": {
        "visible": true,
        "active": true
      },
      "U_TrfId": {
        "visible": true,
        "active": true
      },
      "U_TrfName": {
        "visible": true,
        "active": true
      },
      "U_TrfVehi": {
        "visible": true,
        "active": true
      },
      "U_TrfDist": {
        "visible": true,
        "active": true
      },
      "U_TrfMode": {
        "visible": true,
        "active": true
      },
      "U_TrfVType": {
        "visible": true,
        "active": true
      },
      "U_AckNo": {
        "visible": true,
        "active": true
      },
      "U_AckDt": {
        "visible": true,
        "active": true
      },
      "U_CanDt": {
        "visible": true,
        "active": true
      },
      "U_QrCode": {
        "visible": true,
        "active": true
      },
      "U_SigInv": {
        "visible": true,
        "active": true
      },
      "U_EwbDt": {
        "visible": true,
        "active": true
      },
      "U_EwbVliDt": {
        "visible": true,
        "active": true
      },
      "U_EWayBCan": {
        "visible": true,
        "active": true
      },
      "U_TrfCode": {
        "visible": true,
        "active": true
      },
      "U_MultiVeh": {
        "visible": true,
        "active": true
      },
      "U_MultiVehPosted": {
        "visible": true,
        "active": true
      },
      "U_SubSuply": {
        "visible": true,
        "active": true
      },
      "U_DocType": {
        "visible": true,
        "active": true
      },
      "U_TraType": {
        "visible": true,
        "active": true
      },
      "U_DelRemarks": {
        "visible": true,
        "active": true
      }
    },
    "matrixColumns": {
      "itemNo": {
        "visible": true,
        "active": true
      },
      "itemDescription": {
        "visible": true,
        "active": true
      },
      "sellerQuality": {
        "visible": true,
        "active": true
      },
      "buyerQuality": {
        "visible": true,
        "active": true
      },
      "quantity": {
        "visible": true,
        "active": true
      },
      "unitPrice": {
        "visible": true,
        "active": true
      },
      "sellerPrice": {
        "visible": true,
        "active": true
      },
      "buyerPrice": {
        "visible": true,
        "active": true
      },
      "sellerDelivery": {
        "visible": true,
        "active": true
      },
      "buyerDelivery": {
        "visible": true,
        "active": true
      },
      "sellerBrokerageAmtPer": {
        "visible": true,
        "active": true
      },
      "sellerBrokeragePercent": {
        "visible": true,
        "active": true
      },
      "sellerBrokerage": {
        "visible": true,
        "active": true
      },
      "buyerBrokerage": {
        "visible": true,
        "active": true
      },
      "qtySpecialInstruction": {
        "visible": true,
        "active": true
      },
      "deliverySpecialInstruction": {
        "visible": true,
        "active": true
      },
      "buyerBillDiscount": {
        "visible": true,
        "active": true
      },
      "sellerBillDiscount": {
        "visible": true,
        "active": true
      },
      "deliveredQty": {
        "visible": true,
        "active": true
      },
      "stdDiscount": {
        "visible": true,
        "active": true
      },
      "stcode": {
        "visible": true,
        "active": true
      },
      "taxCode": {
        "visible": true,
        "active": true
      },
      "taxAmount": {
        "visible": true,
        "active": true
      },
      "totalLC": {
        "visible": true,
        "active": true
      },
      "whse": {
        "visible": true,
        "active": true
      },
      "distRule": {
        "visible": true,
        "active": true
      },
      "openQty": {
        "visible": true,
        "active": true
      },
      "countryOfOrigin": {
        "visible": true,
        "active": true
      },
      "freeText": {
        "visible": true,
        "active": true
      },
      "uomCode": {
        "visible": true,
        "active": true
      },
      "uomName": {
        "visible": true,
        "active": true
      },
      "loc": {
        "visible": true,
        "active": true
      },
      "specialRebate": {
        "visible": true,
        "active": true
      },
      "commission": {
        "visible": true,
        "active": true
      },
      "hsnCode": {
        "visible": true,
        "active": true
      },
      "sacCode": {
        "visible": true,
        "active": true
      },
      "buyerPaymentTerms": {
        "visible": true,
        "active": true
      },
      "sellerPaymentTerms": {
        "visible": true,
        "active": true
      },
      "freightPurchase": {
        "visible": true,
        "active": true
      },
      "freightSales": {
        "visible": true,
        "active": true
      },
      "freightProvider": {
        "visible": true,
        "active": true
      },
      "freightProviderName": {
        "visible": true,
        "active": true
      },
      "documentCreated": {
        "visible": true,
        "active": true
      },
      "brokerageNumber": {
        "visible": true,
        "active": true
      }
    },
    "rowUdfs": {
      "U_ItemCode": {
        "visible": true,
        "active": true
      },
      "U_Item_Desc": {
        "visible": true,
        "active": true
      },
      "U_UoM": {
        "visible": true,
        "active": true
      },
      "U_comby": {
        "visible": true,
        "active": true
      },
      "U_Loc": {
        "visible": true,
        "active": true
      },
      "U_Branch": {
        "visible": true,
        "active": true
      },
      "U_QcStatus": {
        "visible": true,
        "active": true
      },
      "U_Order_Qty": {
        "visible": true,
        "active": true
      },
      "U_Rate": {
        "visible": true,
        "active": true
      },
      "U_Amount": {
        "visible": true,
        "active": true
      },
      "U_Disc_Rate": {
        "visible": true,
        "active": true
      },
      "U_Disc_Amount": {
        "visible": true,
        "active": true
      }
    }
  }
}
[PUT] /api/form-settings/sapb1.dcSalesOrder.formSettings.v2
Request body: {
  "settings": {
    "headerUdfs": {
      "U_CUSTNAM": {
        "visible": true,
        "active": true
      },
      "U_Freight": {
        "visible": true,
        "active": true
      },
      "U_TRNS": {
        "visible": true,
        "active": true
      },
      "U_DSTN": {
        "visible": true,
        "active": true
      },
      "U_DSTNADD": {
        "visible": true,
        "active": true
      },
      "U_FDSTN": {
        "visible": true,
        "active": true
      },
      "U_FDSTADD": {
        "visible": true,
        "active": true
      },
      "U_DOCTHR": {
        "visible": true,
        "active": true
      },
      "U_QRY": {
        "visible": true,
        "active": true
      },
      "U_RSLN": {
        "visible": true,
        "active": true
      },
      "U_QRYST": {
        "visible": true,
        "active": true
      },
      "U_LRNO": {
        "visible": true,
        "active": true
      },
      "U_LRDT": {
        "visible": true,
        "active": true
      },
      "U_VEHNO": {
        "visible": true,
        "active": true
      },
      "U_SCharge": {
        "visible": true,
        "active": true
      },
      "U_UOM": {
        "visible": true,
        "active": true
      },
      "U_Price": {
        "visible": true,
        "active": true
      },
      "U_SAmount": {
        "visible": true,
        "active": true
      },
      "U_TOS": {
        "visible": true,
        "active": true
      },
      "U_FromDate": {
        "visible": true,
        "active": true
      },
      "U_ToDate": {
        "visible": true,
        "active": true
      },
      "U_SalesValue": {
        "visible": true,
        "active": true
      },
      "U_VendorCode": {
        "visible": true,
        "active": true
      },
      "U_Bill_Party_Code": {
        "visible": true,
        "active": true
      },
      "U_Bill_PartyName": {
        "visible": true,
        "active": true
      },
      "U_Terms_of_Supply": {
        "visible": true,
        "active": true
      },
      "U_Payment": {
        "visible": true,
        "active": true
      },
      "U_Party_Address_Id": {
        "visible": true,
        "active": true
      },
      "U_Bill_Party_Address": {
        "visible": true,
        "active": true
      },
      "U_Party_Code": {
        "visible": true,
        "active": true
      },
      "U_Party_Name": {
        "visible": true,
        "active": true
      },
      "U_Address_ID_Party": {
        "visible": true,
        "active": true
      },
      "U_party_Address": {
        "visible": true,
        "active": true
      },
      "U_Invoice_No": {
        "visible": true,
        "active": true
      },
      "U_Invoice_Date": {
        "visible": true,
        "active": true
      },
      "U_Due_Date": {
        "visible": true,
        "active": true
      },
      "U_Amount": {
        "visible": true,
        "active": true
      },
      "U_Disp_Sch": {
        "visible": true,
        "active": true
      },
      "U_Contact_Id": {
        "visible": true,
        "active": true
      },
      "U_OL_IN": {
        "visible": true,
        "active": true
      },
      "U_Receipt_Amt": {
        "visible": true,
        "active": true
      },
      "U_B_FromDate": {
        "visible": true,
        "active": true
      },
      "U_B_ToDate": {
        "visible": true,
        "active": true
      },
      "U_Seller_Code": {
        "visible": true,
        "active": true
      },
      "U_Seller_Name": {
        "visible": true,
        "active": true
      },
      "U_Seller_AddressId": {
        "visible": true,
        "active": true
      },
      "U_Seller_Address": {
        "visible": true,
        "active": true
      },
      "U_Old_Soda_Nodh_No": {
        "visible": true,
        "active": true
      },
      "U_Old_Soda_Nodh_Date": {
        "visible": true,
        "active": true
      },
      "U_Canceled": {
        "visible": true,
        "active": true
      },
      "U_TrfId": {
        "visible": true,
        "active": true
      },
      "U_TrfName": {
        "visible": true,
        "active": true
      },
      "U_TrfVehi": {
        "visible": true,
        "active": true
      },
      "U_TrfDist": {
        "visible": true,
        "active": true
      },
      "U_TrfMode": {
        "visible": true,
        "active": true
      },
      "U_TrfVType": {
        "visible": true,
        "active": true
      },
      "U_AckNo": {
        "visible": true,
        "active": true
      },
      "U_AckDt": {
        "visible": true,
        "active": true
      },
      "U_CanDt": {
        "visible": true,
        "active": true
      },
      "U_QrCode": {
        "visible": true,
        "active": true
      },
      "U_SigInv": {
        "visible": true,
        "active": true
      },
      "U_EwbDt": {
        "visible": true,
        "active": true
      },
      "U_EwbVliDt": {
        "visible": true,
        "active": true
      },
      "U_EWayBCan": {
        "visible": true,
        "active": true
      },
      "U_TrfCode": {
        "visible": true,
        "active": true
      },
      "U_MultiVeh": {
        "visible": true,
        "active": true
      },
      "U_MultiVehPosted": {
        "visible": true,
        "active": true
      },
      "U_SubSuply": {
        "visible": true,
        "active": true
      },
      "U_DocType": {
        "visible": true,
        "active": true
      },
      "U_TraType": {
        "visible": true,
        "active": true
      },
      "U_DelRemarks": {
        "visible": true,
        "active": true
      }
    },
    "matrixColumns": {
      "itemNo": {
        "visible": true,
        "active": true
      },
      "itemDescription": {
        "visible": true,
        "active": true
      },
      "unit": {
        "visible": true,
        "active": true
      },
      "quantity": {
        "visible": true,
        "active": true
      },
      "unitPrice": {
        "visible": true,
        "active": true
      },
      "discountAmount": {
        "visible": true,
        "active": true
      },
      "amount": {
        "visible": true,
        "active": true
      },
      "netRate": {
        "visible": true,
        "active": true
      },
      "taxableAmount": {
        "visible": true,
        "active": true
      },
      "totalLC": {
        "visible": true,
        "active": true
      },
      "taxCode": {
        "visible": true,
        "active": true
      },
      "taxAmount": {
        "visible": true,
        "active": true
      },
      "stdDiscount": {
        "visible": true,
        "active": true
      },
      "commissionAmountPerTon": {
        "visible": true,
        "active": true
      },
      "commissionPercent": {
        "visible": true,
        "active": true
      },
      "commissionAmount": {
        "visible": true,
        "active": true
      },
      "openQty": {
        "visible": true,
        "active": true
      },
      "countryOfOrigin": {
        "visible": true,
        "active": true
      },
      "loc": {
        "visible": true,
        "active": true
      },
      "hsnCode": {
        "visible": true,
        "active": true
      },
      "sacCode": {
        "visible": true,
        "active": true
      },
      "sellerQuality": {
        "visible": false,
        "active": true
      },
      "buyerQuality": {
        "visible": false,
        "active": true
      },
      "sellerPrice": {
        "visible": false,
        "active": true
      },
      "buyerPrice": {
        "visible": false,
        "active": true
      },
      "sellerDelivery": {
        "visible": false,
        "active": true
      },
      "buyerDelivery": {
        "visible": false,
        "active": true
      },
      "sellerBrokerageAmtPer": {
        "visible": false,
        "active": true
      },
      "sellerBrokeragePercent": {
        "visible": false,
        "active": true
      },
      "sellerBrokerage": {
        "visible": false,
        "active": true
      },
      "buyerBrokerage": {
        "visible": false,
        "active": true
      },
      "qtySpecialInstruction": {
        "visible": false,
        "active": true
      },
      "deliverySpecialInstruction": {
        "visible": false,
        "active": true
      },
      "buyerBillDiscount": {
        "visible": false,
        "active": true
      },
      "sellerBillDiscount": {
        "visible": false,
        "active": true
      },
      "deliveredQty": {
        "visible": false,
        "active": true
      },
      "stcode": {
        "visible": false,
        "active": true
      },
      "whse": {
        "visible": false,
        "active": true
      },
      "distRule": {
        "visible": false,
        "active": true
      },
      "freeText": {
        "visible": false,
        "active": true
      },
      "uomCode": {
        "visible": false,
        "active": true
      },
      "uomName": {
        "visible": false,
        "active": true
      },
      "specialRebate": {
        "visible": false,
        "active": true
      },
      "commission": {
        "visible": false,
        "active": true
      },
      "sellerBrokeragePerQty": {
        "visible": false,
        "active": true
      },
      "buyerPaymentTerms": {
        "visible": false,
        "active": true
      },
      "sellerPaymentTerms": {
        "visible": false,
        "active": true
      },
      "freightPurchase": {
        "visible": false,
        "active": true
      },
      "freightSales": {
        "visible": false,
        "active": true
      },
      "freightProvider": {
        "visible": false,
        "active": true
      },
      "freightProviderName": {
        "visible": false,
        "active": true
      },
      "documentCreated": {
        "visible": false,
        "active": true
      },
      "brokerageNumber": {
        "visible": false,
        "active": true
      }
    },
    "rowUdfs": {
      "U_ItemCode": {
        "visible": true,
        "active": true
      },
      "U_Item_Desc": {
        "visible": true,
        "active": true
      },
      "U_UoM": {
        "visible": true,
        "active": true
      },
      "U_comby": {
        "visible": true,
        "active": true
      },
      "U_Loc": {
        "visible": true,
        "active": true
      },
      "U_Branch": {
        "visible": true,
        "active": true
      },
      "U_QcStatus": {
        "visible": true,
        "active": true
      },
      "U_Order_Qty": {
        "visible": true,
        "active": true
      },
      "U_Rate": {
        "visible": true,
        "active": true
      },
      "U_Amount": {
        "visible": true,
        "active": true
      },
      "U_Disc_Rate": {
        "visible": true,
        "active": true
      },
      "U_Disc_Amount": {
        "visible": true,
        "active": true
      }
    }
  }
}
[POST] /api/login
Request body: {
  "username": "NC_User",
  "password": "[REDACTED]"
}
[POST] /api/select-company
Request body: {
  "userId": 5,
  "companyId": 3
}
[POST] /api/login
Request body: {
  "username": "DC_USER",
  "password": "[REDACTED]"
}
[POST] /api/select-company
Request body: {
  "userId": 5,
  "companyId": 3
}
[POST] /api/login
Request body: {
  "username": "DC_USER",
  "password": "[REDACTED]"
}
[POST] /api/select-company
Request body: {
  "userId": 4,
  "companyId": 3
}
[PUT] /api/form-settings/sapb1.dcSalesOrder.formSettings.v2
Request body: {
  "settings": {
    "headerUdfs": {
      "U_CUSTNAM": {
        "visible": true,
        "active": true
      },
      "U_Freight": {
        "visible": true,
        "active": true
      },
      "U_TRNS": {
        "visible": true,
        "active": true
      },
      "U_DSTN": {
        "visible": true,
        "active": true
      },
      "U_DSTNADD": {
        "visible": true,
        "active": true
      },
      "U_FDSTN": {
        "visible": true,
        "active": true
      },
      "U_FDSTADD": {
        "visible": true,
        "active": true
      },
      "U_DOCTHR": {
        "visible": true,
        "active": true
      },
      "U_QRY": {
        "visible": true,
        "active": true
      },
      "U_RSLN": {
        "visible": true,
        "active": true
      },
      "U_QRYST": {
        "visible": true,
        "active": true
      },
      "U_LRNO": {
        "visible": true,
        "active": true
      },
      "U_LRDT": {
        "visible": true,
        "active": true
      },
      "U_VEHNO": {
        "visible": true,
        "active": true
      },
      "U_SCharge": {
        "visible": true,
        "active": true
      },
      "U_UOM": {
        "visible": true,
        "active": true
      },
      "U_Price": {
        "visible": true,
        "active": true
      },
      "U_SAmount": {
        "visible": true,
        "active": true
      },
      "U_TOS": {
        "visible": true,
        "active": true
      },
      "U_FromDate": {
        "visible": true,
        "active": true
      },
      "U_ToDate": {
        "visible": true,
        "active": true
      },
      "U_SalesValue": {
        "visible": true,
        "active": true
      },
      "U_VendorCode": {
        "visible": true,
        "active": true
      },
      "U_Bill_Party_Code": {
        "visible": true,
        "active": true
      },
      "U_Bill_PartyName": {
        "visible": true,
        "active": true
      },
      "U_Terms_of_Supply": {
        "visible": true,
        "active": true
      },
      "U_Payment": {
        "visible": true,
        "active": true
      },
      "U_Party_Address_Id": {
        "visible": true,
        "active": true
      },
      "U_Bill_Party_Address": {
        "visible": true,
        "active": true
      },
      "U_Party_Code": {
        "visible": true,
        "active": true
      },
      "U_Party_Name": {
        "visible": true,
        "active": true
      },
      "U_Address_ID_Party": {
        "visible": true,
        "active": true
      },
      "U_party_Address": {
        "visible": true,
        "active": true
      },
      "U_Invoice_No": {
        "visible": true,
        "active": true
      },
      "U_Invoice_Date": {
        "visible": true,
        "active": true
      },
      "U_Due_Date": {
        "visible": true,
        "active": true
      },
      "U_Amount": {
        "visible": true,
        "active": true
      },
      "U_Disp_Sch": {
        "visible": true,
        "active": true
      },
      "U_Contact_Id": {
        "visible": true,
        "active": true
      },
      "U_OL_IN": {
        "visible": true,
        "active": true
      },
      "U_Receipt_Amt": {
        "visible": true,
        "active": true
      },
      "U_B_FromDate": {
        "visible": true,
        "active": true
      },
      "U_B_ToDate": {
        "visible": true,
        "active": true
      },
      "U_Seller_Code": {
        "visible": true,
        "active": true
      },
      "U_Seller_Name": {
        "visible": true,
        "active": true
      },
      "U_Seller_AddressId": {
        "visible": true,
        "active": true
      },
      "U_Seller_Address": {
        "visible": true,
        "active": true
      },
      "U_Old_Soda_Nodh_No": {
        "visible": true,
        "active": true
      },
      "U_Old_Soda_Nodh_Date": {
        "visible": true,
        "active": true
      },
      "U_Canceled": {
        "visible": true,
        "active": true
      },
      "U_TrfId": {
        "visible": true,
        "active": true
      },
      "U_TrfName": {
        "visible": true,
        "active": true
      },
      "U_TrfVehi": {
        "visible": true,
        "active": true
      },
      "U_TrfDist": {
        "visible": true,
        "active": true
      },
      "U_TrfMode": {
        "visible": true,
        "active": true
      },
      "U_TrfVType": {
        "visible": true,
        "active": true
      },
      "U_AckNo": {
        "visible": true,
        "active": true
      },
      "U_AckDt": {
        "visible": true,
        "active": true
      },
      "U_CanDt": {
        "visible": true,
        "active": true
      },
      "U_QrCode": {
        "visible": true,
        "active": true
      },
      "U_SigInv": {
        "visible": true,
        "active": true
      },
      "U_EwbDt": {
        "visible": true,
        "active": true
      },
      "U_EwbVliDt": {
        "visible": true,
        "active": true
      },
      "U_EWayBCan": {
        "visible": true,
        "active": true
      },
      "U_TrfCode": {
        "visible": true,
        "active": true
      },
      "U_MultiVeh": {
        "visible": true,
        "active": true
      },
      "U_MultiVehPosted": {
        "visible": true,
        "active": true
      },
      "U_SubSuply": {
        "visible": true,
        "active": true
      },
      "U_DocType": {
        "visible": true,
        "active": true
      },
      "U_TraType": {
        "visible": true,
        "active": true
      },
      "U_DelRemarks": {
        "visible": true,
        "active": true
      }
    },
    "matrixColumns": {
      "itemNo": {
        "visible": true,
        "active": true
      },
      "itemDescription": {
        "visible": true,
        "active": true
      },
      "unit": {
        "visible": true,
        "active": true
      },
      "quantity": {
        "visible": true,
        "active": true
      },
      "unitPrice": {
        "visible": true,
        "active": true
      },
      "discountAmount": {
        "visible": true,
        "active": true
      },
      "amount": {
        "visible": true,
        "active": true
      },
      "netRate": {
        "visible": true,
        "active": true
      },
      "taxableAmount": {
        "visible": true,
        "active": true
      },
      "totalLC": {
        "visible": true,
        "active": true
      },
      "taxCode": {
        "visible": true,
        "active": true
      },
      "taxAmount": {
        "visible": true,
        "active": true
      },
      "stdDiscount": {
        "visible": true,
        "active": true
      },
      "commissionAmountPerTon": {
        "visible": true,
        "active": true
      },
      "commissionPercent": {
        "visible": true,
        "active": true
      },
      "commissionAmount": {
        "visible": true,
        "active": true
      },
      "openQty": {
        "visible": true,
        "active": true
      },
      "countryOfOrigin": {
        "visible": true,
        "active": true
      },
      "loc": {
        "visible": true,
        "active": true
      },
      "hsnCode": {
        "visible": true,
        "active": true
      },
      "sacCode": {
        "visible": true,
        "active": true
      },
      "sellerQuality": {
        "visible": false,
        "active": true
      },
      "buyerQuality": {
        "visible": false,
        "active": true
      },
      "sellerPrice": {
        "visible": false,
        "active": true
      },
      "buyerPrice": {
        "visible": false,
        "active": true
      },
      "sellerDelivery": {
        "visible": false,
        "active": true
      },
      "buyerDelivery": {
        "visible": false,
        "active": true
      },
      "sellerBrokerageAmtPer": {
        "visible": false,
        "active": true
      },
      "sellerBrokeragePercent": {
        "visible": false,
        "active": true
      },
      "sellerBrokerage": {
        "visible": false,
        "active": true
      },
      "buyerBrokerage": {
        "visible": false,
        "active": true
      },
      "qtySpecialInstruction": {
        "visible": false,
        "active": true
      },
      "deliverySpecialInstruction": {
        "visible": false,
        "active": true
      },
      "buyerBillDiscount": {
        "visible": false,
        "active": true
      },
      "sellerBillDiscount": {
        "visible": false,
        "active": true
      },
      "deliveredQty": {
        "visible": false,
        "active": true
      },
      "stcode": {
        "visible": false,
        "active": true
      },
      "whse": {
        "visible": false,
        "active": true
      },
      "distRule": {
        "visible": false,
        "active": true
      },
      "freeText": {
        "visible": false,
        "active": true
      },
      "uomCode": {
        "visible": false,
        "active": true
      },
      "uomName": {
        "visible": false,
        "active": true
      },
      "specialRebate": {
        "visible": false,
        "active": true
      },
      "commission": {
        "visible": false,
        "active": true
      },
      "sellerBrokeragePerQty": {
        "visible": false,
        "active": true
      },
      "buyerPaymentTerms": {
        "visible": false,
        "active": true
      },
      "sellerPaymentTerms": {
        "visible": false,
        "active": true
      },
      "freightPurchase": {
        "visible": false,
        "active": true
      },
      "freightSales": {
        "visible": false,
        "active": true
      },
      "freightProvider": {
        "visible": false,
        "active": true
      },
      "freightProviderName": {
        "visible": false,
        "active": true
      },
      "documentCreated": {
        "visible": false,
        "active": true
      },
      "brokerageNumber": {
        "visible": false,
        "active": true
      }
    },
    "rowUdfs": {
      "U_ItemCode": {
        "visible": false,
        "active": true
      },
      "U_Item_Desc": {
        "visible": false,
        "active": true
      },
      "U_UoM": {
        "visible": false,
        "active": true
      },
      "U_comby": {
        "visible": true,
        "active": true
      },
      "U_Loc": {
        "visible": true,
        "active": true
      },
      "U_Branch": {
        "visible": true,
        "active": true
      },
      "U_QcStatus": {
        "visible": true,
        "active": true
      },
      "U_Order_Qty": {
        "visible": true,
        "active": true
      },
      "U_Rate": {
        "visible": true,
        "active": true
      },
      "U_Amount": {
        "visible": true,
        "active": true
      },
      "U_Disc_Rate": {
        "visible": true,
        "active": true
      },
      "U_Disc_Amount": {
        "visible": true,
        "active": true
      }
    }
  }
}
